start,end,orth,draft_ipa,notes_jb,eng,spn,notes,flags
18.186,19.279,ka'àn-nǐ sivǐ-ní,k̬aà nǐ sivǐ ní,don’t hear any nasalization on ka’an,say your name,diga su nombre,,
31.184,33.87,ó kú ntàkàtù'ǐn-ní ratù yéè 'de acuerdu' nǐ sá'a-ní,ó kú nt̪àkàt̪ùʔĩ̌ ní a jɛ́ɛ̀ dɛkuɛrdu nǐ sáa ní,,she is going to ask you if you are ok to do,le va a preguntar si está de acuerdo en hacer,check nì and ratù / subject and object pronoun,"t->t̪ (tentative, verify); unmapped char: 'c'; unmapped char: 'd'; unmapped char: 'r'"
33.879,36.024,ka'àn-nǐ tavà ná kúu sá' grabâr-ñǎ káchǎ,kaã̀ nǐ t̪avà ná kúu ságrabâ ɲǎ tʃǎ,,or to speak so that she can record she says,o hablar para que pueda grabar dice,,"t->t̪ (tentative, verify); unmapped char: 'b'; unmapped char: 'g'; unmapped char: 'r'"
36.419,39.21,ná ka'àn-yù neě nchíì nchíì soo nìnè'ê ká'àn-yù,ná kaã̀ɲ nɛɛ̌ ndʒíì ndʒíì soo nìnɛ̀ɛ̂ aã̀ɲ ,she pronounces the “yu” in “ka’an yu” as just a palatal nasal!,I am going to speak let's see what I manage to say,voy a hablar a ver qué consigo hablar,,
61.127,63.877,àjǎ ka'àn-nǐ takuà ná kúu sá' grabâr-ñǎ rì ñàà,àhǎ kaã̀ nǐ t̪akwà ná kúu ságrabâr ɲǎ rì ɲàà,,speak so that she can record,hable para que ella pueda grabar,,"t->t̪ (tentative, verify); unmapped char: 'b'; unmapped char: 'g'; unmapped char: 'j'; unmapped char: 'r'; unmapped char: 'w'"
63.901,66.063,sá' investigâr-ñǎ nixi kúu-ñà,sáinvɛst̪igâr ɲǎ niʃi wã́ãn,"there’s the “kúu ña” for “wã́ã” again! Not sure about the tones, can’t see F0 on most utterances",she is investigatin how,está investigando cómo es que,,"t->t̪ (tentative, verify); unmapped char: 'g'; unmapped char: 'r'"
66.121,67.362,ká'ǎn sà'án ntá'vì,káã̌ nà sàã́ ndáʔvì,"Mistake in original, should be “ká’ǎn-nà sà'án ntá’vì""",we speak Mixtec,hablamos mixteco,,"t->t̪ (tentative, verify)"
67.362,68.246,ñuù yó'o káchǎ,ɲõõ̀ jóo k̬átʃǎ,moved up endpoint to avoid overlapping speech,"in this village, she says",en este pueblo dice,,
70.566,71.812,tiàn táná ñàà,dʒã̀ dáná ɲààà,moved start time back to avoid overlapping speech,but like,pero como,,"t->t̪ (tentative, verify); unmapped char: 'j'"
71.832,75.084,tsíǒ kue vikǒ ná'nu kue Ñuù-ka vikǒ páskuà,tsj́ǒ wɛ ʋikǒ náʔnu ʋɛ ɲuù ɣa ʋikǒ páskwà,,"there are big parties in Mixtepec, Easter party","hay fiestas grandes en Mixtepec, fiesta de pascua",check the two kue here,unmapped char: 'p'; unmapped char: 'w'
75.835,76.839,cha,tʃaaa,,and,y,,
77.299,78.763,kitá'an-nà,tsitsáʔa nà,*I’m hearing “tsitsa’a-na” pretty clearly here (‘they all come”),they get together,se juntan,,"t->t̪ (tentative, verify)"
94.652,99.544,àjǎ ra nti'i-ni ñà kú nkǎ'àn-nǐ ra kú sǎ' grabar-ñǎ ra kú nchìkàà và'ǐ-ñà tavà kúu skuá'a,àhǎ ɾa kŋ kŋ ndii ɲià ṹ ŋkǎã̀ nǐ ɾa kú sǎgrabar ɲǎ ra kú ndʒìkàà vàʔǐ ɲà t̪awà kúu skwáʔa,,"yes, everything that you are going to say and that she is going to record she'll store so that they can study",sí todo lo que va a decir usted y ella va a grabar lo va a guardar para que puedan estudiar,,"t->t̪ (tentative, verify); unmapped char: 'b'; unmapped char: 'g'; unmapped char: 'j'; unmapped char: 'r'; unmapped char: 'w'"
99.551,100.542,kúu skuá'a-nà-ñà,kúu skwáʔa nà,definitley don’t hear or see the [ɲà],so that they can study it,para que puedan estudiarlo,,unmapped char: 'w'
115.549,117.387,nti'i-ni ñà kú nkǎ'àn-nǐ-ka ra á kúu,ndii nijà ṹ ŋk̬ã̰̌ã̰̀ nǐ ɣa ra ʔá kúuu,Claudia says ‘kú’ as [ṹ] (Jerry does this too!),everything that you are going to say they can,todo lo que usted va a decir lo pueden,,"t->t̪ (tentative, verify); unmapped char: 'r'"
117.538,119.295,chaa-vì-ñà nùǔ líbrù á,tʃaa vì à nũ̀ líbrù á,‘nuu’ is reduced due to grammaticalized function * NEED TO CHECK THE WAY I’VE TRANSCRIBED THIS SO FAR,write in a book or,escribir en libro o,chaa-vì = chaa-kue-ì,unmapped char: 'b'; unmapped char: 'l'; unmapped char: 'r'
122.649,123.250,á và'a-ni káchì-nǐ,á và̰a̰ ni,modified end time to remove overlap and remove ‘kachi-ni’ as it wasn’t said,it's ok,está bien dice,,
136.187,138.182,saán kú nchàa-nà-ñà ratù kú skuǎ'a-nà-ñà,sãá̃ k̬ú ndʒàa nàà dù k̬ú skwǎa nàà,,they are going to write it if they are going to study it,van a escribirlo si lo van a estudiar,,"t->t̪ (tentative, verify); unmapped char: 'r'; unmapped char: 'w'"
140.391,141.780,á kúu skáa-nà á kúu,á kúu skáa nà á kúu,modified start and end times to remove overlapping speech,if they can upload it so they can,si lo pueden subir que lo puedan,"Jeremías feels like it should be skáa-nà-ñà, but we can't hear it",
143.356,144.256,cha tíí saán-ni,ka díí sãá̃ ni,moved start time back to avoid overlapping speech,"ok, no?","pues sí, no?",,"t->t̪ (tentative, verify)"
151.792,155.459,¿á kúu skáa-vì-ñà nti'i soo nùǔ kue kàa tavà ná kùnì-nà nixi ká'àn-nà Sà'án Ntá'vì ñoǒ yó'o?,á kúu skáa vìjà ndii soo nù wɛ kàa t̪awà ná kùnì nà niʃi káã̀ nà sàã́ ndávì,moved start time back because last 2 words were not sufficiently audible (removed “ɲoǒ jóʔo”),can they upload it to all electronic devices so that they know how Mixtec is spoken in our village?,¿pueden subirlo en todos los aparatos electrónicos para que sepan como se habla el mixteco en nuestro pueblo?,,"t->t̪ (tentative, verify); unmapped char: 'w'"
156.193,159.229,cha tíí kúu skáa-nà-ñà ratù chuun-ka chuun-ka vàtsi-à-ni @,tʃa t̪íí kúu skáa nà ɲà rat̪ù tʃũũ ka tʃũũ ka vàtsi à ni @,,"yes they can upload it, that's what they are coming for",sí lo pueden subir si a eso vienen,,"t->t̪ (tentative, verify); unmapped char: 'r'"
161.689,164.405,@varì saán ra cha ratù ná mà skǎǐ-ñà@,@varì sãá̃ ra tʃa rat̪ù ná mà skǎǐ ɲà@,,because if then she doesn't upload it,pero si entonces no lo sube,,"t->t̪ (tentative, verify); unmapped char: 'm'; unmapped char: 'r'"
163.211,166.598,¿á kunì-nǐ kuà'a-ní permísù ñà kú nkàà tàchǐ-ní kú s...,á kunì nǐ kwàʔa ní pɛrmísù ɲà kú ŋkàà t̪àtʃǐ ní kú s...,,Do you want to give permission to record your voice,¿quiere dar permiso para grabar su voz,la ñ de ñà casi ni se oye,"t->t̪ (tentative, verify); unmapped char: 'm'; unmapped char: 'p'; unmapped char: 'r'; unmapped char: 'w'"
166.598,168.887,kú... tono kúu chaa sò'o-nà nùǔ kàa-ka?,kúúú t̪ono kúu tʃaa sòʔo nà nùǔ kàa ka,,like they can listen to you in devices?,como que puedan escucharla en los aparatos?,,"t->t̪ (tentative, verify)"
168.873,170.494,cha tíí ná (s)káa-nà,tʃa t̪íí ná (s)káa nà,,let them upload it,que lo suban,skáa-nà,"t->t̪ (tentative, verify)"
171.138,173.156,tsàà kúu yachi kǔù,tsàà kúu jatʃi kǔù,,I will die soon,ya se acerca mi día,'pronto voy a morir',
202.909,203.878,áàn và'a-ni,á̃à̃ vàʔa ni,,it's ok,está bien,,
203.999,205.539,tatù kuě kúnì-kà-nǐ ká'àn-nǐ jara,t̪at̪ù kwɛ̌ kúnì kà nǐ káʔã̀ nǐ jara,,if you don't want to speak anymore then,si ya no quiere hablar más entonces,,"t->t̪ (tentative, verify); unmapped char: 'j'; unmapped char: 'r'; unmapped char: 'w'"
205.539,207.76,ka'àn-nǐ tavà ná tsikuìǎn mà sǎ' grabar-kǐ káchǎ,kaʔã̀ nǐ t̪avà ná tsikwj̀ã̌ mà sǎʔ grabar kǐ kátʃǎ,,say it so she stops and doesn't record any more,diga para que ella pare y no grabe más dice,mà sǎ' grabar-kǐ (kà-ñá),"t->t̪ (tentative, verify); unmapped char: 'b'; unmapped char: 'g'; unmapped char: 'j'; unmapped char: 'm'; unmapped char: 'r'; unmapped char: 'w'"
208.35,210.701,cha atù yéè nchèě-ní ra ka'àn-nǐ saán-ni,tʃa at̪ù jɛ́ɛ̀ ndʒɛ̀ɛ̌ ní ra kaʔã̀ nǐ sãá̃ ni,,if you have strength keep talking,si tiene fuerzas siga hablando,,"t->t̪ (tentative, verify); unmapped char: 'r'"
212.288,213.559,ná ka'àn-yù saán-ni,ná kaʔã̀ jù sãá̃ ni,,I am going to keep talking,voy a seguir hablando,,
234.734,235.959,¿á kúu ka'àn-vì,á kúu kaʔã̀ vì,,can they say,¿pueden decir,-vì = -kue-ì,
235.966,237.251,tá ntakanì-vì-ñà,t̪á nt̪akanì vì ɲà,,when they explain this,cuando expliquen esto,,"t->t̪ (tentative, verify)"
237.254,239.197,sivǐ-ní ka'àn-vì ñá yó'o sá',sivǐ ní kaʔã̀ vì ɲá jóʔo sáʔ,,can they give your name: this woman,pueden dar su nombre: esta mujer,,
239.197,242.287,nìka'àn ra sá' grabar-vì nixi káchǎ kuà'î sivǐ-ní kuà'î nti'i-ni,nìkaʔã̀ ra sáʔ grabar vì niʃi kátʃǎ kwàʔî sivǐ ní kwàʔî nt̪iʔi ni,,"that spoke and they recorded like she says, give your name, give everything",que habló y grabaron como dice dar su nombre darlo todo,,"t->t̪ (tentative, verify); unmapped char: 'b'; unmapped char: 'g'; unmapped char: 'r'; unmapped char: 'w'"
242.949,244.006,táná kú skuǎ'a-nà-ka,t̪áná kú skwǎʔa nà ka,,like those that are going to study,como los que lo van a estudiar,Recheck!,"t->t̪ (tentative, verify); unmapped char: 'w'"
244.016,244.559,àjǎ,àjǎ,,yes,sí,,unmapped char: 'j'
244.654,245.807,cha tíí kúu-ni,tʃa t̪íí kúu ni,,yes you can,sí se puede,,"t->t̪ (tentative, verify)"
246.97,248.387,@@ cha tíí kúu-ni@@,@@ tʃa t̪íí kúu ni@@,,yes you can,sí se puede,,"t->t̪ (tentative, verify)"
248.39,249.986,cha tíí ná kù'ùn sivî-ni,tʃa t̪íí ná kùʔũ̀ sivî ni,,it's ok that my name is there,está bien que vaya mi nombre,,"t->t̪ (tentative, verify)"
251.274,252.81,á kuě saán kuà'a-nà xǔ'un kinchàà-yù,á kwɛ̌ sãá̃ kwàʔa nà ʃǔʔũ kindʒàà jù,,they're gonna give me money to spend,de pronto me dan dinero para gastar@,kinchàà - gastar / check 'kuě saán',unmapped char: 'w'
255.605,257.873,tavà ná mà nǎa soo Sà'án Ntá'vì tavà ná kúu skuá'a-nà káchì-nà,t̪avà ná mà nǎa soo sàʔã́ nt̪áʔvì t̪avà ná kúu skwáʔa nà kátʃì nà,,so that Mixtec does not disappear so that they can study it they say,para que no desaparezca el mixteco para que puedan estudiarlo dicen,tavà suena como tawà,"t->t̪ (tentative, verify); unmapped char: 'm'; unmapped char: 'w'"
258.271,259.013,áán,á̃á̃,,,,,
259.519,261.76,tavà iin ún nkǎchì-nà ñá yó'o kúu-ñà nìka'àn ún nkǎchì-nà,t̪avà ĩĩ ṹ ŋkǎtʃì nà ɲá jóʔo kúu ɲà nìkaʔã̀ ṹ ŋkǎtʃì nà,,they are going to say she is the one that spoke they are going to say,van a decir ella es la que habló van a decir,ún - kú // kú nkǎchì / ú nkǎchì / ún nkǎchì prospective,"t->t̪ (tentative, verify)"
261.76,262.588,ná kú nkàà,ná kú ŋkàà,,it will be,va a estar,,
262.592,263.652,anà kúu nà nìka'àn,anà kúu nà nìkaʔã̀,,who is the one that spoke,quién es que habló,,
263.344,266.105,kúu kachì-nà ná mà kǔu sivǐ-á ra kúu kachì-nà tsi anà nìka'àn,kúu katʃì nà ná mà kǔu sivǐ á ra kúu katʃì nà tsi anà nìkaʔã̀,,they can say if your name is not they they may say: who is the one who spoke?,pueden decir si no está su nombre pueden decir quién es que habló?,Check! - tsi anà?,unmapped char: 'm'; unmapped char: 'r'
267.012,268.264,cha và'a-kà kù'ùn sivǐ-ní,tʃa vàʔa kà kùʔũ̀ sivǐ ní,,it's better if your name is there,es mejor que vaya su nombre,,
275.426,277.585,pues sí desde el principio [unintelligible]... @,puɛs sí dɛsdɛ ɛl principio [unint̪ɛlligiblɛ]... @,,"then yes, from the beginning",pues sí desde el principio,,"t->t̪ (tentative, verify); unmapped char: 'b'; unmapped char: 'c'; unmapped char: 'd'; unmapped char: 'g'; unmapped char: 'l'; unmapped char: 'p'; unmapped char: 'r'"
279.426,279.923,ah bueno,ah buɛno,,oh good,ah bueno,,unmapped char: 'b'; unmapped char: 'h'
282.403,283.353,àjǎ ñátù,àjǎ ɲát̪ù,,yes in case,sí por si,ñátù - ratù 'por si',"t->t̪ (tentative, verify); unmapped char: 'j'"
283.353,284.343,ná ntacha'vì inì-nǐ mà,ná nt̪atʃaʔvì inì nǐ mà,,if you regret it and don't,si usted se arrepiente y no,,"t->t̪ (tentative, verify); unmapped char: 'm'"
284.347,286.022,kǎchì-kà-nǐ káa sivǐ-ní-ka ra,kǎtʃì kà nǐ káa sivǐ ní ka ra,,and you don't want your name to appear anymore,ya no quiere que vaya su nombre,,unmapped char: 'r'
286.082,287.771,kúu sá' cancelar tukí ñà káchǎ,kúu sáʔ cancɛlar t̪ukí ɲà kátʃǎ,,you can also cancel it she says,también lo puede cancelar dice,,"t->t̪ (tentative, verify); unmapped char: 'c'; unmapped char: 'l'; unmapped char: 'r'"
288.015,289.472,mmm cha ná kú nkàì,mmm tʃa ná kú ŋkàì,,it's ok that it is there,está bien que esté,,unmapped char: 'm'
293.916,297.691,aan kǒo ra nchíì kìǐ ntsì'ì-yù ra kú nkàà-yù sivî ra ká'àn-nà,ãã kǒo ra ndʒíì kìǐ ntsìʔì jù ra kú ŋkàà jù sivî ra káʔã̀ nà,,in case one day I die my name will be there and you can play it,por si algún día me muero ahí estará mi nombre y pueden tocarlo (la grabación),"ká'àn - hablar, reproducir la grabación",unmapped char: 'r'
300.979,302.748,vichi ra ntsì'ǎ ra ñàà,vitʃi ra ntsìʔǎ ra ɲàà,,now that she died,ahora que se murió,,unmapped char: 'r'
302.75,305.025,ntsì'ǎ vichi ra ínkáà ìǐ-á káchì-nà @@,ntsìʔǎ vitʃi ra íŋkáà ìǐ á kátʃì nà @@,,now that she died she is still alive they say,ahora que se murió aún está (viva) dicen,,unmapped char: 'r'
312.33,315.39,vichi ra ntsì'ǎ ra ínkáà ìǐ-á káchì-nà-ni,vitʃi ra ntsìʔǎ ra íŋkáà ìǐ á kátʃì nà ni,,now that she died she is still alive they say,ahora que se murió aún está (viva) dicen,,unmapped char: 'r'
319.625,320.608,ñàà,ɲàà,,,,,
320.632,323.43,sá'a-nà vikǒ ntsìo mísà ntsìo,sáʔa nà vikǒ ntsìo mísà ntsìo,,they do a party there is mass there is,hacen fiesta hay misa hay,,unmapped char: 'm'
323.582,325.254,sá'a-nà tsítsá'an-nà,sáʔa nà tsítsáʔã nà,,"they do, they eat","hacen, comen",,
325.747,328.005,tsáìn-nà yaà tsáìn-nà [...],tsáĩ̀ nà jaà tsáĩ̀ nà [...],,they dance,bailan,check!,
329.267,330.432,vikǒ tsítsá'an-nà,vikǒ tsítsáʔã nà,,they eat at the party,comen en la fiesta,,
330.433,332.092,tsí'i-nà cerveza tsí'i-nà,tsíʔi nà cɛrvɛza tsíʔi nà,,they drink beer they drink,toman cerveza toman,,unmapped char: 'c'; unmapped char: 'r'; unmapped char: 'z'
332.367,333.579,nchá vìxì tsí'i-nà,ndʒá vìʃì tsíʔi nà,,they drink soda,toman refrescos,,
333.619,335.006,nixi soo tá'àn inì-nà,niʃi soo t̪áʔã̀ inì nà,,how they like it,como les gusta,,"t->t̪ (tentative, verify)"
337.188,338.38,táná vikǒ aan,t̪áná vikǒ ãã,,like party,como fiesta,,"t->t̪ (tentative, verify)"
338.38,339.917,ra... vikǒ tátà Sà Juáâ,raaa vikǒ t̪át̪à sà Juáâ,,San Juan party,la fiesta de San Juan,,"t->t̪ (tentative, verify); unmapped char: 'J'; unmapped char: 'r'"
339.919,340.923,Ñuù-ka káchì-nà,ɲuù ka kátʃì nà,,"of Mixtepec, they say","de Mixtepec, dicen",,
341.377,342.695,cha ñàà,tʃa ɲàà,,and,y,,
343.688,344.82,tsítsá'an-nà,tsítsáʔã nà,,they eat,comen,,
344.82,347.185,kue mastómì chíkàà-nà bándà chíkàà-nà,kwɛ mast̪ómì tʃíkàà nà bándà tʃíkàà nà,,the 'mastomis' put a band they put,los 'mastomi' ponen una banda ponen,kue mastómì = los encargados de la iglesia católica,"t->t̪ (tentative, verify); unmapped char: 'b'; unmapped char: 'd'; unmapped char: 'm'; unmapped char: 'w'"
347.324,347.844,iká,iká,,there,ahí,,
348.072,349.36,ká'ntì stìkǐ ká'ntì,káʔnt̪ì st̪ìkǐ káʔnt̪ì,,small bulls sound,truenan / suenan toritos,toritos con ruedas y coetes,"t->t̪ (tentative, verify)"
350.579,351.827,cha kítsàà-nà,tʃa kítsàà nà,,and they arrive,y llegan,,
352.661,353.784,vikǒ Sà Márkò-ka nùî,vikǒ sà Márkò ka nùî,,it was the time of San Marcos party,tocó la fiesta de San Marcos,,unmapped char: 'M'; unmapped char: 'r'
353.84,355.966,ñà tsíǒ òkò ù'ùn avrîl káchì-nà,ɲà tsíǒ òkò ùʔũ̀ avrîl kátʃì nà,,which takes place on April 25th they say,que sucede el veinte de abril dicen,,unmapped char: 'l'; unmapped char: 'r'
355.82,358.048,òkò ù'ùn avrîl tsíǒ suu vikǒ Sà Márkù,òkò ùʔũ̀ avrîl tsíǒ suu vikǒ sà Márkù,,San Marcos party is on April 25th,el veinticinco de abril es la fiesta de San Marcos,,unmapped char: 'M'; unmapped char: 'l'; unmapped char: 'r'
358.956,359.734,cha sara,tʃa sara,,then,entonces,,unmapped char: 'r'
359.767,361.526,sá'a-nà vikǒ sá'a-nà tsítsá'an-nà,sáʔa nà vikǒ sáʔa nà tsítsáʔã nà,,"they do a party, they do, they eat","hacen fiesta, hacen, comen",,
363.102,364.154,katsí'i-nà nchá vìxì,katsíʔi nà ndʒá vìʃì,,they drink soda,toman refrescos,ka- prefix,
364.154,366.148,katsí'i-nà tsáìn-nà yaà tsáìn-nà,katsíʔi nà tsáĩ̀ nà jaà tsáĩ̀ nà,,"they drink, they dance, they dance","toman, bailan",,
366.734,367.744,tsíkáà ñàà,tsíkáà ɲàà,,there is someone that,está alguien que,tsíkáà - ínkáà 'estar',
367.764,368.655,cháa yaà,tʃáa jaà,,plays music,toca música,,
369.28,371.698,vikǒ Sà Márkù-ka ra tsíǒ mísà ra,vikǒ sà Márkù ka ra tsíǒ mísà ra,,in the San Marcos celebrations there is mass,en las fiestas de San Marcos hay misa,,unmapped char: 'M'; unmapped char: 'm'; unmapped char: 'r'
371.698,372.519,to'ó luu tsíǒ,t̪oʔó luu tsíǒ,,of the Saint,del santito hay,,"t->t̪ (tentative, verify); unmapped char: 'l'"
372.911,374.36,kítsi sùtù kítsi,kítsi sùt̪ù kítsi,,the priest comes,viene el padre viene,,"t->t̪ (tentative, verify)"
374.521,375.385,tsíǒ mísà,tsíǒ mísà,,there is mass,hay misa,,unmapped char: 'm'
377.723,379.766,ñà kúu tuku ñàà,ɲà kúu t̪uku ɲàà,,also what is,también lo que es,,"t->t̪ (tentative, verify)"
380.292,382.838,ñàà vikǒ tátà Sà Juáâ tuku ká'àn-nà,ɲàà vikǒ t̪át̪à sà Juáâ t̪uku káʔã̀ nà,,the celebration of San Juan they say,la fiesta de San Juan como dicen,,"t->t̪ (tentative, verify); unmapped char: 'J'"
382.865,383.726,nkà...,ŋkààà,,,,,
384.241,385.684,ñàà,ɲàà,,,,,
385.8,386.86,tsíǒ,tsíǒ,,there is,hay,,
386.862,387.964,ká'ntì stìkǐ ká'ntì,káʔnt̪ì st̪ìkǐ káʔnt̪ì,,bulls sound,truenan toritos truenan,,"t->t̪ (tentative, verify)"
387.971,389.894,tsíǒ mísà tsíǒ tsítsá'an-nà,tsíǒ mísà tsíǒ tsítsáʔã nà,,"there is mass, they eat","hay misa hay, comen",,unmapped char: 'm'
390.505,392.207,íin kue ñà tsísíki íin kue kúu,í̃ĩ kwɛ ɲà tsísíki í̃ĩ kwɛ kúu,,there are those who play those,están los que juegan están los que,,unmapped char: 'w'
392.215,393.997,ñǎna íin kue tsísíkí,ɲǎna í̃ĩ kwɛ tsísíkí,,who are 'chilolos' there are those who play,son chilolos están los que juegan,chilolos - they get dressed for Carnival or patron saint festivities,unmapped char: 'w'
394.789,395.357,àjǎ,àjǎ,,yes,sí,,unmapped char: 'j'
395.456,397.349,ñà-ka tsíǒ-tu vikǒ tátà Sà Juáâ,ɲà ka tsíǒ t̪u vikǒ t̪át̪à sà Juáâ,,this is what there is in the celebrations of San Juan,es lo que hay en las fiestas de San Juan,,"t->t̪ (tentative, verify); unmapped char: 'J'"
397.794,398.524,àjǎ,àjǎ,,yes,sí,,unmapped char: 'j'
399.147,400.641,ñà-ka tsíǒ tuku tsíǒ,ɲà ka tsíǒ t̪uku tsíǒ,,this is what there si too,es lo que hay también hay,,"t->t̪ (tentative, verify)"
400.658,402.096,ká'ntì stìkǐ ká'ntì tsíǒ,káʔnt̪ì st̪ìkǐ káʔnt̪ì tsíǒ,,bulls sound there is,truenan toritos truenan hay,,"t->t̪ (tentative, verify)"
402.101,402.957,mísà tsíǒ,mísà tsíǒ,,mass there is,misa hay,,unmapped char: 'm'
403.65,405.757,ínkáà nî'i tsîso,íŋkáà nîʔi tsîso,,there is a lot of noise,hay mucho ruido,check translation and spelling of ní'i tsîso,
406.357,407.46,sá'a tuku-nà,sáʔa t̪uku nà,,they also do,también hacen,,"t->t̪ (tentative, verify)"
407.462,409.453,ínkáà bándà cháa... cháa tuku,íŋkáà bándà tʃaaa tʃáa t̪uku,,there is the band playing,está la banda tocando,,"t->t̪ (tentative, verify); unmapped char: 'b'; unmapped char: 'd'"
410.332,411.326,ñà-ka sá'a-nà,ɲà ka sáʔa nà,,this is what they do,es lo que hacen,,
411.465,413.116,cha ñà-ka kúu ñàà,tʃa ɲà ka kúu ɲàà,,and this is what,y eso es lo que,,
413.811,415.675,nkaa páskuà tuku ra sá'a-nà,ŋkaa páskwà t̪uku ra sáʔa nà,,they also do in Easter,hacen también pascua,check nkaa,"t->t̪ (tentative, verify); unmapped char: 'p'; unmapped char: 'r'; unmapped char: 'w'"
415.676,417.173,páskuà luu kée to'ó luu,páskwà luu kɛ́ɛ t̪oʔó luu,,in Easter the Saint goes out,en pascua sale el santito,,"t->t̪ (tentative, verify); unmapped char: 'l'; unmapped char: 'p'; unmapped char: 'w'"
417.181,418.007,kée-yà kuà'àn-yà,kɛ́ɛ jà kwàʔã̀ jà,,it goes out (the Saint),sale (el santo),-yà usado para santos,unmapped char: 'w'
418.227,421.377,tsíkanuu... tsíkonuu-yà níi Ñuù-ka-ni tsíkonuu-yà,tsíkãuuu tsíkonuu jà níi ɲuù ka ni tsíkonuu jà,,to go around all Mixtepec,a dar la vuelta a todo Mixtepec a dar la vuelta,-yà pronombre,
421.726,422.638,mhm,mhm,,,,,unmapped char: 'h'; unmapped char: 'm'
422.655,424.133,ñà-ka sá'a tuku-nà páskuà,ɲà ka sáʔa t̪uku nà páskwà,,this is also what they do in Easter,eso también lo hacen en pascua,,"t->t̪ (tentative, verify); unmapped char: 'p'; unmapped char: 'w'"
424.695,426.766,àjǎ káchì-nà kúu Juevi Sántù,àjǎ kátʃì nà kúu Juɛvi sánt̪ù,,yes they say on Maundy Thursday,sí dicen en Jueves Santo,,"t->t̪ (tentative, verify); unmapped char: 'J'; unmapped char: 'j'"
427.15,428.903,Juevi Sántù ká'àn-nà tsi,Juɛvi sánt̪ù káʔã̀ nà tsi,,Maundy Thursday they call,en Jueves Santo dicen a,,"t->t̪ (tentative, verify); unmapped char: 'J'"
429.348,430.868,tsi juévìxì,tsi juɛ́vìʃì,,the Thursday,al jueves,,unmapped char: 'j'
431.536,432.658,cha Vierni Sántù,tʃa viɛrni sánt̪ù,,and Good Friday,y viernes santo,,"t->t̪ (tentative, verify); unmapped char: 'r'"
432.661,433.534,kée to'ó luu kée,kɛ́ɛ t̪oʔó luu kɛ́ɛ,,the Saint goes out,sale el santito sale,,"t->t̪ (tentative, verify); unmapped char: 'l'"
433.542,435.267,tsíkonuu-yà tívì bándà tívì,tsíkonuu jà t̪ívì bándà t̪ívì,,to go around and the band plays,"a dar vueltas, sopla la banda sopla",,"t->t̪ (tentative, verify); unmapped char: 'b'; unmapped char: 'd'"
435.272,435.942,kuà'àn nivǐ,kwàʔã̀ nivǐ,,people go,la gente va,,unmapped char: 'w'
435.943,438.377,káa tsítú nivǐ kuà'àn nùǔ kuà'àn to'ó luu,káa tsít̪ú nivǐ kwàʔã̀ nùǔ kwàʔã̀ t̪oʔó luu,,it is full of people wherever the saint goes,está llenísimo de gente a donde va el santito,,"t->t̪ (tentative, verify); unmapped char: 'l'; unmapped char: 'w'"
438.8,439.411,àjǎ,àjǎ,,yes,sí,,unmapped char: 'j'
440.217,442.457,ñà-ka tuku kúu-ñà yéè tuku ñà Ñuù-ka,ɲà ka t̪uku kúu ɲà jɛ́ɛ̀ t̪uku ɲà ɲuù ka,,this is also what there is in Mixtepec,eso es lo que también hay en Mixtepec,,"t->t̪ (tentative, verify)"
443.002,443.644,mhm,mhm,,,,,unmapped char: 'h'; unmapped char: 'm'
443.854,445.439,cha nûu nti'i-nà kuà'àn-nà,tʃa nûu nt̪iʔi nà kwàʔã̀ nà,,they all go down they go,se bajan todos van,,"t->t̪ (tentative, verify); unmapped char: 'w'"
445.442,446.829,tsíta-nà mísà tsíta-nà,tsít̪a nà mísà tsít̪a nà,,they sing at the mass,cantan en la misa,,"t->t̪ (tentative, verify); unmapped char: 'm'"
447.297,447.959,sá'a-nà,sáʔa nà,,they do,hacen,,
448.019,448.533,mhm,mhm,,,,,unmapped char: 'h'; unmapped char: 'm'
448.542,449.272,nà yatá,nà jat̪á,,elderly people,la gente mayor,,"t->t̪ (tentative, verify)"
450.014,451.676,kastalénchè tuku káa,kast̪alɛ́ndʒɛ̀ t̪uku káa,,there is also the castalenche (carnival),también hay el castalenche (carnaval),,"t->t̪ (tentative, verify); unmapped char: 'l'"
451.888,452.976,tsôsǒ tuku-nà,tsôsǒ t̪uku nà,,they also ride,montan también,,"t->t̪ (tentative, verify)"
452.976,454.192,tsôsǒ tuku-vì stìkǐ luu,tsôsǒ t̪uku vì st̪ìkǐ luu,,they also ride bulls,también montan toros,check (the k in tuku is lenited) / vì - kue-ì,"t->t̪ (tentative, verify); unmapped char: 'l'"
454.337,455.831,tsôsǒ tuku-nà stìkǐ luu,tsôsǒ t̪uku nà st̪ìkǐ luu,,they also ride bulls,también montan toros,,"t->t̪ (tentative, verify); unmapped char: 'l'"
455.831,457.218,kastalénchè tuku tsôsǒ-nà,kast̪alɛ́ndʒɛ̀ t̪uku tsôsǒ nà,,at carnival they also ride,en castalenche (carnaval) también montan,,"t->t̪ (tentative, verify); unmapped char: 'l'"
457.647,459.507,tsôsǒ-vì stìkǐ tsôsǒ-vì,tsôsǒ vì st̪ìkǐ tsôsǒ vì,,they ride bulls they ride,montan toros montan,,"t->t̪ (tentative, verify)"
459.607,460.687,nkáà bándà nkáà,ŋkáà bándà ŋkáà,,there is a band,hay una banda,nkáà = ínkáà,unmapped char: 'b'; unmapped char: 'd'
460.738,461.306,tíùn,t̪íũ̀,,,,check,"t->t̪ (tentative, verify)"
461.388,463.053,tívì musikà ra tívì,t̪ívì musikà ra t̪ívì,,they play music,tocan música,,"t->t̪ (tentative, verify); unmapped char: 'm'; unmapped char: 'r'"
463.374,464.508,kúu-tu kastalénchè,kúu t̪u kast̪alɛ́ndʒɛ̀,,it's carnival,es el castalenche (carnaval),,"t->t̪ (tentative, verify); unmapped char: 'l'"
465.147,465.849,àjǎ,àjǎ,,yes,sí,,unmapped char: 'j'
466.345,467.274,saán kúu-tu,sãá̃ kúu t̪u,,then it is,entonces es,,"t->t̪ (tentative, verify)"
467.488,468.922,nùǔ tánta'ǎ tuku-nà,nùǔ t̪ánt̪aʔǎ t̪uku nà,,where they get married,donde se casan,,"t->t̪ (tentative, verify)"
468.922,469.712,kuà'àn tuku-nà,kwàʔã̀ t̪uku nà,,they also go,también van,,"t->t̪ (tentative, verify); unmapped char: 'w'"
469.718,470.576,tsítsá'an-nà,tsítsáʔã nà,,they eat,comen,,
470.576,471.664,kuvà'a ità,kuvàʔa it̪à,,flowers are prepared,se preparan flores,,"t->t̪ (tentative, verify)"
471.664,473.655,náa-nà iin ló'ntó soo ità kuà'àn-nà,náa nà ĩĩ lóʔnt̪ó soo it̪à kwàʔã̀ nà,,they bring a lot of flowers they go,llevan un montón de flores van,,"t->t̪ (tentative, verify); unmapped char: 'l'; unmapped char: 'w'"
474.098,475.246,nùǔ tánta'ǎ tuku-nà,nùǔ t̪ánt̪aʔǎ t̪uku nà,,where they get married,donde se casan,,"t->t̪ (tentative, verify)"
475.513,476.348,àjǎ,àjǎ,,yes,sí,,unmapped char: 'j'
476.348,477.621,nùǔ tánta'ǎ tuku-nà-ka,nùǔ t̪ánt̪aʔǎ t̪uku nà ka,,where they get married,donde se casan,,"t->t̪ (tentative, verify)"
477.621,478.246,kúu-tu,kúu t̪u,,it is,es,,"t->t̪ (tentative, verify)"
478.973,480.567,kuà'àn-nà tsi yaà kuà'àn-nà,kwàʔã̀ nà tsi jaà kwàʔã̀ nà,,they go with music,van con música,,unmapped char: 'w'
480.573,481.698,tsi koétè kuà'àn-nà,tsi koɛ́t̪ɛ̀ kwàʔã̀ nà,,with fireworks they go,con cohetes van,,"t->t̪ (tentative, verify); unmapped char: 'w'"
481.71,483.116,tsi ñà cháa yaà kuà'àn-nà,tsi ɲà tʃáa jaà kwàʔã̀ nà,,with those who play music they go,con los que tocan música van,,unmapped char: 'w'
483.667,484.63,vichi ñà ntsìo ñàà,vitʃi ɲà ntsìo ɲàà,,now that there is,ahora que hay,,
484.633,486.695,ntùu ñà kúu kojúntù-ka ñà-ka vichi,nt̪ùu ɲà kúu kojúnt̪ù ka ɲà ka vitʃi,,that this thing called bands popped up now this is what,que surgieron lo que es los conjuntos eso es lo que ahora,,"t->t̪ (tentative, verify); unmapped char: 'j'"
486.695,487.471,chíkàà tuku-nà,tʃíkàà t̪uku nà,,they put,ponen,,"t->t̪ (tentative, verify)"
487.578,488.43,nùǔ tsíǒ yaà,nùǔ tsíǒ jaà,,where there is music,donde hay música,,
488.715,489.707,nùǔ tánta'ǎ-nà,nùǔ t̪ánt̪aʔǎ nà,,where they get married,donde se casan,,"t->t̪ (tentative, verify)"
490.558,491.308,mhm,mhm,,,,,unmapped char: 'h'; unmapped char: 'm'
491.815,492.721,ñà-ka sá'a-nà,ɲà ka sáʔa nà,,that's what they do,eso hacen,,
493.684,495.445,ñà-ka sá'a-nà kue nchíì vikǒ,ɲà ka sáʔa nà kwɛ ndʒíì vikǒ,,that's what they do at parties,eso es lo que hacen en las fiestas,,unmapped char: 'w'
495.445,497.121,kuáchi luu nchíì ra saán,kwátʃi luu ndʒíì ra sãá̃,,small (parties) and,chiquitas y,,unmapped char: 'l'; unmapped char: 'r'; unmapped char: 'w'
497.24,498.638,saán tsítsá'an-nà saán,sãá̃ tsítsáʔã nà sãá̃,,they eat always,comen siempre,,
498.644,499.633,ntútútú-nà saán,nt̪út̪út̪ú nà sãá̃,,they get together,se juntan,,"t->t̪ (tentative, verify)"
499.635,501.388,meé soo sà'án yó'o ká'àn-nà,mɛɛ́ soo sàʔã́ jóʔo káʔã̀ nà,,they only speak Mixtec,puro mixteco hablan,este idioma = mixteco,unmapped char: 'm'
502.167,503.852,mhm meé soo sà'án yó'o ká'àn-nà,mhm mɛɛ́ soo sàʔã́ jóʔo káʔã̀ nà,,they only speak Mixtec,puro mixteco hablan,,unmapped char: 'h'; unmapped char: 'm'
504.036,504.803,mhm,mhm,,,,,unmapped char: 'h'; unmapped char: 'm'
504.834,506.348,kǒo nchíì-kà sà'án nchíì-kà,kǒo ndʒíì kà sàʔã́ ndʒíì kà,,there is no other language no other,no hay otra lengua otro,,
506.587,507.278,kǒo ñà'a,kǒo ɲàʔa,,there is nothing,no hay nada,,
507.505,510.178,káchì-nà tsíǒ tuku ñà vikǒ tátà Sà Pédrù ra,kátʃì nà tsíǒ t̪uku ɲà vikǒ t̪át̪à sà Pɛ́drù ra,,they also say that the celebrations of San Pedru,dicen que también hay las fiestas de San Pedro,Sàmpédrù (she pronounces it),"t->t̪ (tentative, verify); unmapped char: 'P'; unmapped char: 'd'; unmapped char: 'r'"
510.323,512.186,suu saán-ni íin ñǎna íin,suu sãá̃ ni í̃ĩ ɲǎna í̃ĩ,,there are also chilolos there are,igual hay chilolos hay,chilolos - los que se disfrazan por fiestas patronales,
512.206,513.993,xíta sùkǔ tó'lo xíta,ʃít̪a sùkǔ t̪óʔlo ʃít̪a,,they break the rooster's neck,se le arranca el pescuezo al gallo,,"t->t̪ (tentative, verify); unmapped char: 'l'"
515.031,517.332,àjǎ xíta sùkǔ tó'lo xíta,àjǎ ʃít̪a sùkǔ t̪óʔlo ʃít̪a,,"yes, they break the rooster's neck","sí, se le arranca el pescuezo al gallo",,"t->t̪ (tentative, verify); unmapped char: 'j'; unmapped char: 'l'"
517.629,518.818,tívì másikà tívì,t̪ívì másikà t̪ívì,,they play music,se toca música,,"t->t̪ (tentative, verify); unmapped char: 'm'"
518.835,520.409,saán ká'ntì stìkǐ ká'ntì,sãá̃ káʔnt̪ì st̪ìkǐ káʔnt̪ì,,bulls sound,truenan toros truenan,,"t->t̪ (tentative, verify)"
520.414,522.857,tsítú ñà káchì-nà kúu-tà tsá'nu-ka kúu,tsít̪ú ɲà kátʃì nà kúu t̪à tsáʔnu ka kúu,,it is full of those they say are old,se llena de los que dicen que son viejitos,,"t->t̪ (tentative, verify)"
523.232,524.397,ñǎna ña'á-ka,ɲǎna ɲaʔá ka,,those that dress up as women,los que se disfrazan de mujer,,
524.4,526.351,ñǎna chàa-ka kúu@@,ɲǎna tʃàa ka kúu@@,,those that dress up as men,las que se disfrazan de hombre,,
526.359,528.723,@@,@@,,,,,
528.834,530.504,ñà-ka sá'a-nà saán táná,ɲà ka sáʔa nà sãá̃ t̪áná,,this is what they do like,eso es lo que hacen como,,"t->t̪ (tentative, verify)"
530.518,531.922,saán káa nchàà tiémpù,sãá̃ káa ndʒàà t̪iɛ́mpù,,this is what it's been like since time,así ha sido desde tiempo,,"t->t̪ (tentative, verify); unmapped char: 'm'; unmapped char: 'p'"
532.619,533.386,mhm,mhm,,,,,unmapped char: 'h'; unmapped char: 'm'
533.689,536.763,Kìǐ Ntìi tuku yó'o sá'a tuku-nà Kìǐ Ntìi sá'a tuku-nà,kìǐ nt̪ìi t̪uku jóʔo sáʔa t̪uku nà kìǐ nt̪ìi sáʔa t̪uku nà,,"they do Day of the Dead, they do Day of the Dead","Hacen día de los Muertos, hacen Día de los Muertos",,"t->t̪ (tentative, verify)"
537.15,539.547,tsi ñà tsání-nà kò'ǒ nùǔ to'ó tsání-nà,tsi ɲà tsání nà kòʔǒ nùǔ t̪oʔó tsání nà,,they also put offerings to the saint they put,también ponen ofrendas al santo ponen,,"t->t̪ (tentative, verify)"
539.549,542.123,kuà'àn-nà kamisántù tûùn-nà itǐ tûùn-nà,kwàʔã̀ nà kamisánt̪ù t̪û̃ù̃ nà it̪ǐ t̪û̃ù̃ nà,,they go to the cemetery and they light candles they light,van al camposanto prenden velas prenden,,"t->t̪ (tentative, verify); unmapped char: 'm'; unmapped char: 'w'"
542.138,543.093,tsàà na'á káa,tsàà naʔá káa,,it's been like this since before,ha sido de antes,"Jeremías feels a saán is missing, or a suú vichi (ahora ya no)",
543.669,545.059,tsàà tiémpù káa,tsàà t̪iɛ́mpù káa,,since before it's been like this,desde tiempo ha sido así,,"t->t̪ (tentative, verify); unmapped char: 'm'; unmapped char: 'p'"
545.323,546.723,ra kùmǐ xiko,ra kùmǐ ʃiko,,eighty,ochenta,,unmapped char: 'm'; unmapped char: 'r'
547.329,549.653,meê ra tsàà ntsìnû kùmǐ xiko,mɛɛ̂ ra tsàà ntsìnû kùmǐ ʃiko,,I already turned eighty,yo ya cumplí los ochenta,,unmapped char: 'm'; unmapped char: 'r'
550.133,552.297,kùmǐ xiko ùnì tsàà kuà'àn-yù vichi,kùmǐ ʃiko ùnì tsàà kwàʔã̀ jù vitʃi,,I am going to eighty-three now,ya voy para los ochenta y tres ahora,,unmapped char: 'm'; unmapped char: 'w'
552.968,553.709,mhm,mhm,,,,,unmapped char: 'h'; unmapped char: 'm'
554.187,554.672,saán,sãá̃,,,,,
554.925,557.507,saán tsàà ntsìnì-yù nti'i saán káa níi kìǐ nchàkù inì-yù,sãá̃ tsàà ntsìnì jù nt̪iʔi sãá̃ káa níi kìǐ ndʒàkù inì jù,,"this is what I saw, it's been like this since I was aware",eso es todo lo que miré así ha sido desde que entré en razón,cuando llegas a una capacidad de entendimiento de lo que sucede a tu alrededor (13-14 yo),"t->t̪ (tentative, verify)"
557.684,558.217,mhm,mhm,,,,,unmapped char: 'h'; unmapped char: 'm'
558.223,559.789,kìǐ nchàkù inì-yù saán káa,kìǐ ndʒàkù inì jù sãá̃ káa,,when I was aware,cuando entré en razón,,
560.181,560.678,àjǎ,àjǎ,,yes,sí,,unmapped char: 'j'
560.678,562.341,saán ntsìkǎchì ntìi nátsá'nù,sãá̃ ntsìkǎtʃì nt̪ìi nátsáʔnù,,thus said my late grandma,así decía mi abuela (que en paz descanse),ntìi - para gente que ya falleció,"t->t̪ (tentative, verify)"
562.347,564.665,"ntìi tátsá'nù, ntìi máá-yù, ntìi páá-yù","nt̪ìi t̪átsáʔnù, nt̪ìi máá jù, nt̪ìi páá jù",,"my late grandpa, my late mother, my late father","mi abuelo, mi madre, mi padre (que en paz descansen)",,"t->t̪ (tentative, verify); unmapped char: 'm'; unmapped char: 'p'"
565.679,566.207,mhm,mhm,,,,,unmapped char: 'h'; unmapped char: 'm'
566.25,567.979,nà-ka saán ntàkani-nà nùû,nà ka sãá̃ nt̪àkani nà nùû,,this is what they told me,así me decían ellos a mí,,"t->t̪ (tentative, verify)"
568.584,569.035,mhm,mhm,,,,,unmapped char: 'h'; unmapped char: 'm'
569.421,571.692,saán ntàkani-nà nùû ñàà ñà-ka kúu-ñà,sãá̃ nt̪àkani nà nùû ɲàà ɲà ka kúu ɲà,,this is what they told me that this is what,así me decían a mí que eso es lo que,,"t->t̪ (tentative, verify)"
571.971,575.187,ñà-ka kúu-ñà tíin-kue-nà vichi ra tono vichi ra,ɲà ka kúu ɲà t̪í̃ĩ kwɛ nà vitʃi ra t̪ono vitʃi ra,,this is what they do now like now,eso es lo que hacen ahora como ahora,tíin - agarrar (aquí: acostumbran a hacer),"t->t̪ (tentative, verify); unmapped char: 'r'; unmapped char: 'w'"
575.422,576.918,síin xèě ntùu vichi rì,sí̃ĩ ʃɛ̀ɛ̌ nt̪ùu vitʃi rì,,it is very different now,es muy diferente ahora,,"t->t̪ (tentative, verify); unmapped char: 'r'"
576.918,578.139,síin nùǔ nìntí'vi-nà,sí̃ĩ nùǔ nìnt̪íʔvi nà,,they enter through other places,entraron por otros lados,refiriéndose a la religión: llegaron otras religiones,"t->t̪ (tentative, verify)"
578.14,580.206,síin tsàà na'á ra viǐ xèě ntsìntee-nà tsàà na'á,sí̃ĩ tsàà naʔá ra viǐ ʃɛ̀ɛ̌ ntsìnt̪ɛɛ nà tsàà naʔá,,"it was different before, before they lived very beautifully","antes era distinto, antes se vivía muy bonito",ntsìntee (23),"t->t̪ (tentative, verify); unmapped char: 'r'"
580.844,581.267,àjǎ,àjǎ,,yes,sí,,unmapped char: 'j'
581.267,583.397,viǐ nchuà'a-ni káa tá,viǐ ndʒuàʔa ni káa t̪á,,it was very beautiful,está bien bonito,tá... cuando (introducing the next bit),"t->t̪ (tentative, verify)"
583.427,586.317,káchì-nà kúu ñàà Páskuà-ka kúu,kátʃì nà kúu ɲàà Páskwà ka kúu,,they say that in Easter is,dicen que en Pascua es,,unmapped char: 'P'; unmapped char: 'w'
586.56,589.063,kátsítú káa ntàà nivǐ ve'e ñù'u luu-ka,kátsít̪ú káa nt̪àà nivǐ vɛʔɛ ɲùʔu luu ka,,the church is full of people,la iglesia está llenísima de gente,kátsítú káa ntàà = está llenísimo,"t->t̪ (tentative, verify); unmapped char: 'l'"
589.068,591.449,kátsítú nchíì kúu nùǔ nkěta-kà ve'e ñù'u,kátsít̪ú ndʒíì kúu nùǔ ŋkɛ̌t̪a kà vɛʔɛ ɲùʔu,,"it's full, seating is not enough in the church",está lleno no alcanza el sitio en la iglesia,nchíì kúu suena como 'nchiu',"t->t̪ (tentative, verify)"
591.449,591.99,kuiin-nà ra,kwĩĩ nà ra,,they are standing,están parados,,unmapped char: 'r'; unmapped char: 'w'
592.239,592.991,vichi ra ¡ay!,vitʃi ra ¡aj!,,"now, ay!","ahora, ¡ay!",,unmapped char: 'r'
593.811,595.623,síin ntsìo ntàntì'vi sava-nà,sí̃ĩ ntsìo nt̪ànt̪ìʔvi sava nà,,some come differently (other religions),"algunos entraron diferente (otras religiones, otras iglesias)",,"t->t̪ (tentative, verify)"
595.686,597.982,kuě và'a sá'a-nà rì síin ntsìo nìntì'vi sava-nà,kwɛ̌ vàʔa sáʔa nà rì sí̃ĩ ntsìo nìnt̪ìʔvi sava nà,,they don't do it well because they went to other places (churches),no hacen bien porque entraron a otro lugar (iglesias),,"t->t̪ (tentative, verify); unmapped char: 'r'; unmapped char: 'w'"
598.291,598.877,mhm,mhm,,,,,unmapped char: 'h'; unmapped char: 'm'
599.115,601.474,ñàà tsàà na'á ra viǐ xèě suú saán-ni sá'a nà yatá,ɲàà tsàà naʔá ra viǐ ʃɛ̀ɛ̌ suú sãá̃ ni sáʔa nà jat̪á,,"it was very beautiful before, the grandparents didn't do it like this",antes era muy bonito así no hacían los abuelos,,"t->t̪ (tentative, verify); unmapped char: 'r'"
602.035,604.066,viǐ nchuà'a ntsìsá'a nà yatá ntsìntee-nà,viǐ ndʒuàʔa ntsìsáʔa nà jat̪á ntsìnt̪ɛɛ nà,,they do it very beautifully when the grandparents lived,hacían bien bonito cuando vivían los abuelos,ntsìntee (23),"t->t̪ (tentative, verify)"
604.36,605.247,àjǎ,àjǎ,,yes,sí,,unmapped char: 'j'
605.742,607.852,ntatǔ nchuà'a ntsìsá'a-nà ntatǔ nchuà'a ra,nt̪at̪ǔ ndʒuàʔa ntsìsáʔa nà nt̪at̪ǔ ndʒuàʔa ra,,they did it very beautifully very beautifully,hacían muy bonito muy bonito,,"t->t̪ (tentative, verify); unmapped char: 'r'"
608.126,609.864,ñà káchì-nà kúu ñàà,ɲà kátʃì nà kúu ɲàà,,whe they said is tht,lo que decían es que,,
610.402,612.336,kúu Suátù Nklórià ká'àn-nà,kúu suát̪ù ŋklórjà káʔã̀ nà,,it is the Holy Saturday they say,es el sábado de gloria dicen,"Gloria suena como ""nkloria""","t->t̪ (tentative, verify); unmapped char: 'j'; unmapped char: 'l'; unmapped char: 'r'"
613.165,614.134,[...],[...],,,,,
614.22,617.737,kátsítú káa ntàà nivǐ suà'a íin-nà táná,kátsít̪ú káa nt̪àà nivǐ suàʔa í̃ĩ nà t̪áná,,"it's crowded, there are a lot of people like",está llenísimo hay mucha gente como,,"t->t̪ (tentative, verify)"
617.983,619.269,íin nchá ìǐ luu-nà,í̃ĩ ndʒá ìǐ luu nà,,there is the holy water,está el agua bendita,nchá ìǐ - agua bendita,unmapped char: 'l'
619.269,621.172,íin nùnǐ luu yó'o íin,í̃ĩ nùnǐ luu jóʔo í̃ĩ,,there is corn,hay maíz,,unmapped char: 'l'
621.175,622.861,tikǐ-nà íin ntuchǐ-nà,t̪ikǐ nà í̃ĩ nt̪utʃǐ nà,,"there are seeds, there are beans","hay semillas, hay frijoles",,"t->t̪ (tentative, verify)"
622.861,624.839,kú ìǐ ñà ntanùnǎ Glórià káchì-nà,kú ìǐ ɲà nt̪anùnǎ Glórjà kátʃì nà,,sacred day when it open on the Day of Glory they say,día sagrado cuando se abre el día de gloria dicen,,"t->t̪ (tentative, verify); unmapped char: 'G'; unmapped char: 'j'; unmapped char: 'l'; unmapped char: 'r'"
625.436,625.872,mhm,mhm,,,,,unmapped char: 'h'; unmapped char: 'm'
625.874,626.998,saán-ni ntsìsá'a-nà tsàà na'á,sãá̃ ni ntsìsáʔa nà tsàà naʔá,,that's what they used to do before,así hacían antes,,
627.689,628.471,cha vichi ra ¡ay!,tʃa vitʃi ra ¡aj!,,"but now, ay!",pero ahora ¡ay!,,unmapped char: 'r'
628.681,629.192,kǒo-kà ñà'a,kǒo kà ɲàʔa,,there is nothing,no hay nada,,
629.593,630.524,ntǐvi soo-nà,nt̪ǐvi soo nà,,they decomposed,ya se descompusieron,,"t->t̪ (tentative, verify)"
631.154,632.076,àjǎ,àjǎ,,yes,sí,,unmapped char: 'j'
632.385,634.034,tsàà na'á ra viǐ xèě ntsìo tsàà na'á,tsàà naʔá ra viǐ ʃɛ̀ɛ̌ ntsìo tsàà naʔá,,it was very beautiful before,antes era muy bonito antes,,unmapped char: 'r'
634.308,637.28,viǐ xèě ntsìo tsàà na'á viǐ xèě ntsìntee-nà tsàà na'á viǐ xèě-ni,viǐ ʃɛ̀ɛ̌ ntsìo tsàà naʔá viǐ ʃɛ̀ɛ̌ ntsìnt̪ɛɛ nà tsàà naʔá viǐ ʃɛ̀ɛ̌ ni,,"it was very beautiful, they lived very beautifully before, very beautiful","antes era muy bonito, vivían muy bonito antes, muy bonito",,"t->t̪ (tentative, verify)"
637.888,638.424,mhm,mhm,,,,,unmapped char: 'h'; unmapped char: 'm'
638.452,639.245,cha vichi ra,tʃa vitʃi ra,,but now,pero ahora,,unmapped char: 'r'
639.916,642.761,tiàn vichi ra saán-ni ñà kúu vikǒ kastalénchè-ka ra yéè ìǐ-à,t̪jã̀ vitʃi ra sãá̃ ni ɲà kúu vikǒ kast̪alɛ́ndʒɛ̀ ka ra jɛ́ɛ̀ ìǐ à,,but now carnival still exists,pero ahora el carnaval aún existe,,"t->t̪ (tentative, verify); unmapped char: 'j'; unmapped char: 'l'; unmapped char: 'r'"
644.38,645.89,yéè ìǐ-à sá'a ìǐ-nà vikǒ,jɛ́ɛ̀ ìǐ à sáʔa ìǐ nà vikǒ,,"it still exists, they still party",aún existe aún hacen fiesta,,
645.89,646.89,sá'a ìǐ-nà Páskuà,sáʔa ìǐ nà Páskwà,,they still do Easter,aún hacen Pascua,,unmapped char: 'P'; unmapped char: 'w'
646.891,650.123,sá'a ìǐ-nà nà sava-nà sava-nà íin yéè ìǐ sá'a ìǐ Páskuà,sáʔa ìǐ nà nà sava nà sava nà í̃ĩ jɛ́ɛ̀ ìǐ sáʔa ìǐ Páskwà,,"they still do, some still do Easter","aún hacen, hay algunos que aún hacen Pascua",,unmapped char: 'P'; unmapped char: 'w'
650.14,652.135,sava-nà kúu nà kuà'àn iinkàâ tsio sava-nà,sava nà kúu nà kwàʔã̀ iiŋkàâ tsio sava nà,,some went to other places some,algunos se fueron a otro lugar algunos,,unmapped char: 'w'
652.347,652.778,mhm,mhm,,,,,unmapped char: 'h'; unmapped char: 'm'
653.289,654.258,ñà-ka kúu-ñà yéè,ɲà ka kúu ɲà jɛ́ɛ̀,,that's what it is,es lo que hay,,
654.828,656.051,"àjǎ, ñà-ka kúu-ñà yéè","àjǎ, ɲà ka kúu ɲà jɛ́ɛ̀",,"yes, it is what it is","sí, es lo que hay",,unmapped char: 'j'
656.593,658.292,ntée-nà tsítsá'an-nà ntée-nà kǒo,nt̪ɛ́ɛ nà tsítsáʔã nà nt̪ɛ́ɛ nà kǒo,,"they live, they eat, they live, there isn't","viven, comen, viven, no hay",,"t->t̪ (tentative, verify)"
658.963,659.488,mhm,mhm,,,,,unmapped char: 'h'; unmapped char: 'm'
659.493,660.554,saán ntsìsá'a nà yatá luu,sãá̃ ntsìsáʔa nà jat̪á luu,,that's what the grandparents used to do,así hacían los abuelitos,,"t->t̪ (tentative, verify); unmapped char: 'l'"
660.557,661.609,viǐ xèě ntsìntee nà yatá,viǐ ʃɛ̀ɛ̌ ntsìnt̪ɛɛ nà jat̪á,,they lived very beautifully the grandparents,vivían muy bonitos los abuelos,,"t->t̪ (tentative, verify)"
661.609,662.947,viǐ xèě ntsìsá'a-nà viǐ xèě,viǐ ʃɛ̀ɛ̌ ntsìsáʔa nà viǐ ʃɛ̀ɛ̌,,they did it very beautifully,hacían muy bonito muy bonito,,
662.947,664.383,ntsìntàtú'un-nà viǐ xèě,ntsìnt̪àt̪úʔũ nà viǐ ʃɛ̀ɛ̌,,they spoke very beautifully,platicaban muy bonito,,"t->t̪ (tentative, verify)"
664.863,665.424,àjǎ,àjǎ,,yes,sí,,unmapped char: 'j'
665.957,668.747,ñà-ka kúu-ñà ntsìnì-yù nchàkù inì-yù,ɲà ka kúu ɲà ntsìnì jù ndʒàkù inì jù,,that's what I saw when I was growing up,eso es lo que miré cuando estaba creciendo,,
669.441,669.894,mhm,mhm,,,,,unmapped char: 'h'; unmapped char: 'm'
669.921,671.753,kǒo Sà'án Xchílà nítsiǒ kǒo,kǒo sàʔã́ ʃtʃílà nítsiǒ kǒo,,there was no Spanish there wasn't,no había español no había,,unmapped char: 'l'
671.817,672.32,meé soo,mɛɛ́ soo,,just,puro,,unmapped char: 'm'
672.824,675.192,kǒo tuku tá kú'ù-nà tá,kǒo t̪uku t̪á kúʔù nà t̪á,,there wasn't also when they were sick,no había también cuando estaban enfermos,,"t->t̪ (tentative, verify)"
675.535,677.074,yùkù luu-ni kúu tàtǎ-nà,jùkù luu ni kúu t̪àt̪ǎ nà,,only herbs were their medicine,solamente las hierbas eran su medicina,,"t->t̪ (tentative, verify); unmapped char: 'l'"
677.076,677.916,yùkù luu-ni,jùkù luu ni,,herbs,las hierbas,,unmapped char: 'l'
677.918,680.498,nà nchá'vi-ni kutátá-tu tàtǎ ntá'vì nà nchá'vi-ni,nà ndʒáʔvi ni kut̪át̪á t̪u t̪àt̪ǎ nt̪áʔvì nà ndʒáʔvi ni,,"very few healed with traditional medicine, very few",pocos se curaban con medicina tradicional pocos,ku-? prefix,"t->t̪ (tentative, verify)"
680.498,682.106,kǒo iñǔ nítsiǒ kǒo,kǒo iɲǔ nítsiǒ kǒo,,there were no vaccines there were no,no había vacunas no había,,
682.12,683.451,tàtǎ nítsiǒ kǒo,t̪àt̪ǎ nítsiǒ kǒo,,"medicine, there wasn't",medicina no había,,"t->t̪ (tentative, verify)"
683.662,686.607,vichi ntùu tàtǎ ntùu á và'î á vǎ'î ra tsí'i-kuê-ñà,vitʃi nt̪ùu t̪àt̪ǎ nt̪ùu á vàʔî á vǎʔî ra tsíʔi wɛ̂ ɲà,,there are medicines now I don't know if they're good or bad but we take them,ahora hay medicinas no sé si es bueno o malo pero las tomamos,,"t->t̪ (tentative, verify); unmapped char: 'r'"
686.991,687.734,@@,@@,,,,,
687.966,689.596,ñà-ka kúu-ñà ntsìsá'a-kuê tsàà na'á,ɲà ka kúu ɲà ntsìsáʔa wɛ̂ tsàà naʔá,,that's what we did before,eso es lo que hacíamos antes,,
690.184,691.684,ñà-ka ntsìtsá'a-nà tsàà na'á,ɲà ka ntsìtsáʔa nà tsàà naʔá,,that's what they did before,eso hacían antes,,
691.747,692.371,mhm,mhm,,,,,unmapped char: 'h'; unmapped char: 'm'
692.67,694.087,viǐ xèě ntsìntee-nà tsàà na'á,viǐ ʃɛ̀ɛ̌ ntsìnt̪ɛɛ nà tsàà naʔá,,they lived very beautifully before,vivían muy bonito antes,,"t->t̪ (tentative, verify)"
694.753,696.261,yéè Sà Márkù luu,jɛ́ɛ̀ sà Márkù luu,,there is Saint Marc,está San Marcos,,unmapped char: 'M'; unmapped char: 'l'; unmapped char: 'r'
696.339,698.477,íntú'ú sàvǐ luu-ka suà'a ra,ínt̪úʔú sàvǐ luu ka suàʔa ra,,thus the rain is seated,así está asentada la lluvia,,"t->t̪ (tentative, verify); unmapped char: 'l'; unmapped char: 'r'"
698.582,702.305,yéè ki'vǎ ki'vǎ kuà'ǎn suà'a ki'vǎ ki'vǎ kuà'ǎn suà'a ra jara,jɛ́ɛ̀ kiʔvǎ kiʔvǎ kwàʔã̌ suàʔa kiʔvǎ kiʔvǎ kwàʔã̌ suàʔa ra jara,,there is a place to enter to go this way and,hay para entrar para ir de este lado y,-á as a first person plural inclusive pronoun,unmapped char: 'j'; unmapped char: 'r'; unmapped char: 'w'
702.556,704.324,tsàǎ iin nùǔ ntàà luu-ka,tsàǎ ĩĩ nùǔ nt̪àà luu ka,,we get to a flat place,llegamos a un sitio plano,,"t->t̪ (tentative, verify); unmapped char: 'l'"
704.327,705.742,sara iká ra íntú'ú,sara iká ra ínt̪úʔú,,there it is,ahi está asentado,,"t->t̪ (tentative, verify); unmapped char: 'r'"
706.032,707.085,kóyo ñàà,kójo ɲàà,,it falls,cae,,
707.181,709.482,tatù kúu yachi kuun sàvǐ yó'o ra,t̪at̪ù kúu jatʃi kũũ sàvǐ jóʔo ra,,when rainy season gets closer,cuando se acerca el tiempo de lluvia,,"t->t̪ (tentative, verify); unmapped char: 'r'"
709.502,711.99,kóyo iin yúyú iin yúyú chìkuiî luu,kójo ĩĩ jújú ĩĩ jújú tʃìkwiî luu,,a water dew falls down,cae un rocío un rocío de agua,,unmapped char: 'l'; unmapped char: 'w'
712.106,712.615,àjǎ,àjǎ,,yes,sí,,unmapped char: 'j'
712.615,715.476,cha ratù mà kǔun kíi sàvǐ ra ntayaa ché'é,tʃa rat̪ù mà kǔ̃ũ kíi sàvǐ ra nt̪ajaa tʃɛ́ʔɛ́,,if it doesn't rain soon it will be very dry,si no llueve pronto estará bien seco,ché'é se escucha un poco como ché'i?,"t->t̪ (tentative, verify); unmapped char: 'm'; unmapped char: 'r'"
715.48,717.482,yùǔ luu íntú'ú-ka suà'a káa yùǔ luu-ka,jùǔ luu ínt̪úʔú ka suàʔa káa jùǔ luu ka,,little stone that is there little stone,piedrita que estaba así sentada piedrita,,"t->t̪ (tentative, verify); unmapped char: 'l'"
718.027,719.618,àjǎ suà'a káa yùǔ luu-ka íntú'ú-yà,àjǎ suàʔa káa jùǔ luu ka ínt̪úʔú jà,,thus was the stone,así estaba la piedrita asentada,-yà = el señor de la lluvia (piedra que se identifica con San Marcos),"t->t̪ (tentative, verify); unmapped char: 'j'; unmapped char: 'l'"
720.179,722.828,ñà vikǒ Sà Márkù ká'àn-nà tsi sàvǐ luu,ɲà vikǒ sà Márkù káʔã̀ nà tsi sàvǐ luu,,the celebration of Saint Marc that's what they call the rain (lord of the rain),la fiesta de San Marcos así le dicen a la lluvia (al señor de la lluvia),,unmapped char: 'M'; unmapped char: 'l'; unmapped char: 'r'
722.924,723.924,sàvǐ kúu-rá íntú'ú,sàvǐ kúu rá ínt̪úʔú,,the rain that is sitting there,la lluvia que está sentada ahí,-rá (líquido?) no -yà,"t->t̪ (tentative, verify); unmapped char: 'r'"
724.338,724.977,mhm,mhm,,,,,unmapped char: 'h'; unmapped char: 'm'
725.059,726.15,sàvǐ kúu-rá íntú'ú,sàvǐ kúu rá ínt̪úʔú,,the rain that is sitting there,la lluvia que está sentada ahí,-rá (líquido?) no -yà,"t->t̪ (tentative, verify); unmapped char: 'r'"
726.624,727.046,mhm,mhm,,,,,unmapped char: 'h'; unmapped char: 'm'
727.046,728.629,ñà-ka vichi ra ñàà inka' (?),ɲà ka vitʃi ra ɲàà iŋkaʔ (),,now,ahora,,unmapped char: 'r'
728.963,729.811,ñàà,ɲàà,,,,,
730.04,732.64,saán soo nìkìtsáá sá'a-nà mísà luu-ka vichi,sãá̃ soo nìkìtsáá sáʔa nà mísà luu ka vitʃi,,they normally do mass now,comúnmente ya hacen la misa ahora,,unmapped char: 'l'; unmapped char: 'm'
732.803,733.245,mhm,mhm,,,,,unmapped char: 'h'; unmapped char: 'm'
733.256,735.101,saán ra nìkìtsáá sá'a-nà mísà luu-ka,sãá̃ ra nìkìtsáá sáʔa nà mísà luu ka,,they started to do mass,empezaron a hacer misa,,unmapped char: 'l'; unmapped char: 'm'; unmapped char: 'r'
735.175,738.056,vichi ra ún nkìtsàà to'ó luu-ka òkò ù'ùn avrîl ra ún nkìtsàà to'ó luu,vitʃi ra ṹ ŋkìtsàà t̪oʔó luu ka òkò ùʔũ̀ avrîl ra ṹ ŋkìtsàà t̪oʔó luu,,now the Saint will arrive on April 25th the Saint will arrive,ahora llegará el santo el veinticinco de abril llegará el santo,,"t->t̪ (tentative, verify); unmapped char: 'l'; unmapped char: 'r'"
738.253,740.187,kúu Sà Márkù kú nkùntú'ú àjǎ,kúu sà Márkù kú ŋkùnt̪úʔú àjǎ,,it's Saint Marc who is going to be sitting,es San Marcos que va a estar sentado,,"t->t̪ (tentative, verify); unmapped char: 'M'; unmapped char: 'j'; unmapped char: 'r'"
740.811,742.789,káchì-kue-nà ra kú nkìtsàà-rǎ ñà-ka,kátʃì kwɛ nà ra kú ŋkìtsàà rǎ ɲà ka,,they say the rain is going to arrive then,dicen que va a llegar (la lluvia / el santo) entonces,-rá (líquido) refiriéndose a la lluvia / santo,unmapped char: 'r'; unmapped char: 'w'
743.09,745.847,tatù kúu yachi kuun sàvǐ luu-ka-ni,t̪at̪ù kúu jatʃi kũũ sàvǐ luu ka ni,,when rain gets closer,cuando se acerca la lluvia,,"t->t̪ (tentative, verify); unmapped char: 'l'"
746.01,747.355,cha jara ñàà,tʃa jara ɲàà,,then,entonces,,unmapped char: 'j'; unmapped char: 'r'
748.233,750.7,tôo chìkuiî luu-ka tono suà'a ra tôo iin yúyú,t̪ôo tʃìkwiî luu ka t̪ono suàʔa ra t̪ôo ĩĩ jújú,,"the water falls like this, the dew falls",cae el agüita como así cae un rocío,,"t->t̪ (tentative, verify); unmapped char: 'l'; unmapped char: 'r'; unmapped char: 'w'"
750.701,752.253,iin yúyú chìkuiî luu-ka tôo,ĩĩ jújú tʃìkwiî luu ka t̪ôo,,the water dew falls,cae un rocío de agüita,,"t->t̪ (tentative, verify); unmapped char: 'l'; unmapped char: 'w'"
752.543,755.038,¿nchíí kitsi chìkuiî luu-ka ra kavǎ luu kuíî?,ndʒíí kitsi tʃìkwiî luu ka ra kavǎ luu kwíî,,where is the water coming from if it is a stoney place?,¿de dónde viene el agua si es un pedregal?,kavǎ - sitio donde hay muchas piedras,unmapped char: 'l'; unmapped char: 'r'; unmapped char: 'w'
755.598,756.255,àjǎ,àjǎ,,yes,sí,,unmapped char: 'j'
756.617,757.443,tiàn tôo-rá,t̪jã̀ t̪ôo rá,,but it falls,pero cae,-rá líquido / tiàn se oye como chiàn,"t->t̪ (tentative, verify); unmapped char: 'j'; unmapped char: 'r'"
757.916,758.816,sara iká ra,sara iká ra,,then there,entonces ahí,,unmapped char: 'r'
759.054,759.675,ñàà,ɲàà,,,,,
759.703,760.653,tatù ná ñ...,t̪at̪ù ná ɲ...,,if,si,,"t->t̪ (tentative, verify)"
760.673,763.772,kǒo mà kǔun kíi sàvǐ ra kǒo ñà'a nchìka yùǔ luu-ka,kǒo mà kǔ̃ũ kíi sàvǐ ra kǒo ɲàʔa ndʒìka jùǔ luu ka,,if it is not going to rain soon there isn't anything on the surface of the stone,si no va a llover pronto no hay nada al cuerpo de la piedrita,,unmapped char: 'l'; unmapped char: 'm'; unmapped char: 'r'
764.231,764.72,àjǎ,àjǎ,,yes,sí,,unmapped char: 'j'
764.725,766.275,kǒo niñà'a kǒo nchìka yùǔ luu-ka,kǒo niɲàʔa kǒo ndʒìka jùǔ luu ka,,there is nothing on the surface of the stone,no hay nada al cuerpo de la piedrita,,unmapped char: 'l'
766.303,768.358,tsàà na'á tuku yéè tuku Sà Márkù luu,tsàà naʔá t̪uku jɛ́ɛ̀ t̪uku sà Márkù luu,,Saint Marc was here before too,antes también estaba San Marcos,,"t->t̪ (tentative, verify); unmapped char: 'M'; unmapped char: 'l'; unmapped char: 'r'"
768.479,770.272,tsàà na'á yéè Sà Márkù luu suú vichi kǒo-yà,tsàà naʔá jɛ́ɛ̀ sà Márkù luu suú vitʃi kǒo jà,,Saint Marc existed before it is not from now,antes (ya existía) estaba San Marcos no es de ahora,,unmapped char: 'M'; unmapped char: 'l'; unmapped char: 'r'
770.855,772.463,tsàà na'á yéè-yà tiàn kuě,tsàà naʔá jɛ́ɛ̀ jà t̪jã̀ kwɛ̌,,it existed from before but they didn't,desde sí vivía/existía pero no,,"t->t̪ (tentative, verify); unmapped char: 'j'; unmapped char: 'w'"
772.463,774.253,ntasáká'nu-nà-rǎ(?) vichi ra kue ñàà,nt̪asákáʔnu nà rǎ() vitʃi ra kwɛ ɲàà,,they didn't worship him but now,lo engrandecían pero ahora,not clear if it is rà or rǎ,"t->t̪ (tentative, verify); unmapped char: 'r'; unmapped char: 'w'"
774.402,777.858,ñà kuáchi ntakua'nu vichi ra nìkìtsàà ntasáká'nì-yà vichi,ɲà kwátʃi nt̪akwaʔnu vitʃi ra nìkìtsàà nt̪asákáʔnì jà vitʃi,,young people are growing up now they started to worship,los jóvenes que están creciendo ahora empezaron a engrandecerlo,"engrandecer = celebrar, hacerle fiesta","t->t̪ (tentative, verify); unmapped char: 'r'; unmapped char: 'w'"
778.253,778.744,àjǎ,àjǎ,,yes,sí,,unmapped char: 'j'
778.999,782.792,jara suà'a-ni suà'a-ni kuàâ káa yùǔ luu-ka suà'a-ni kuàâ káa yùǔ luu-ka,jara suàʔa ni suàʔa ni kwàâ káa jùǔ luu ka suàʔa ni kwàâ káa jùǔ luu ka,,like this more or less is the little stone,así así más o menos está la piedrita,,unmapped char: 'j'; unmapped char: 'l'; unmapped char: 'r'; unmapped char: 'w'
783.242,786.839,iká ná ki'vǒ kò'ǒn tìtsi luu-ka rì ki'vǎ kò'ǒn tìtsi luu-ka ra iká,iká ná kiʔvǒ kòʔõ̌ t̪ìtsi luu ka rì kiʔvǎ kòʔõ̌ t̪ìtsi luu ka ra iká,,we can go inside we can there inside,ahí podemos entrar dentro podemos entrar ahí dentro,,"t->t̪ (tentative, verify); unmapped char: 'l'; unmapped char: 'r'"
787.219,788.568,iká ñàà,iká ɲàà,,there,ahí,,
788.568,791.664,inka'... yéè và'a nchuà'a yéè káchì-nà ra meê ra kuě kúu keè,iŋkaʔ... jɛ́ɛ̀ vàʔa ndʒuàʔa jɛ́ɛ̀ kátʃì nà ra mɛɛ̂ ra kwɛ̌ kúu kɛɛ̀,,there they say it is very beautiful but I cannot get inside,ahí dicen que está muy bonito pero yo no me puedo meter,,unmapped char: 'm'; unmapped char: 'r'; unmapped char: 'w'
792.331,794.662,aan kuě... kêe kue ñà kuáchi rì kuě kúu keè,ãã kuɛ̌ɛ̌ɛ̌ kɛ̂ɛ kwɛ ɲà kwátʃi rì kwɛ̌ kúu kɛɛ̀,,no... the young go inside because I can't go inside,no... se meten los jóvenes porque yo no me puedo meter,keè (21),unmapped char: 'r'; unmapped char: 'w'
794.761,797.117,yéè-nà kêe-nà ra meê ra kuě kúu keè,jɛ́ɛ̀ nà kɛ̂ɛ nà ra mɛɛ̂ ra kwɛ̌ kúu kɛɛ̀,,"some go inside, but I cannot go inside",algunos se meten pero yo no me puedo meter,,unmapped char: 'm'; unmapped char: 'r'; unmapped char: 'w'
797.35,799.836,cha sara yùǔ luu-ka kini ñàà sara,tʃa sara jùǔ luu ka kini ɲàà sara,,but the little stone,pero la piedrita...,"'kini' - feo, también exageración 'rete' kini viǐ - retebonito",unmapped char: 'l'; unmapped char: 'r'
799.96,801.557,ntsìntú'ú yà ká'nu suà'a,ntsìnt̪úʔú jà káʔnu suàʔa,,a great being was sitting like this,estaba sentado así un ser grande,yà - cl. deity,"t->t̪ (tentative, verify)"
801.631,803.04,suà'a káa-yà káchì-nà,suàʔa káa jà kátʃì nà,,it is like this they say,así está dicen,yà - pr. deity,
803.09,806.391,káchì meé kue ntìi tátà sè'ê yó'o ñàà ntsìntú'ú yà ká'nu tiàn,kátʃì mɛɛ́ kwɛ nt̪ìi t̪át̪à sɛ̀ʔɛ̂ jóʔo ɲàà ntsìnt̪úʔú jà káʔnu t̪jã̀,,the father of my children said that there sat the great being but,así decía el papá de mis hijos que en paz descanse que estaba sentado el gran ser pero,-yà cl. deity,"t->t̪ (tentative, verify); unmapped char: 'j'; unmapped char: 'm'; unmapped char: 'w'"
806.8,807.941,tò'ò nìkì'in yàà [...],t̪òʔò nìkìʔĩ jàà [...],,a foreigner took it,un fuereño se lo llevó,,"t->t̪ (tentative, verify)"
808.758,810.23,tò'ò nìkì'in sàvǐ luu-ka káchì-nà,t̪òʔò nìkìʔĩ sàvǐ luu ka kátʃì nà,,they say the foreigner took the rain they say,dicen que un fuereño se llevó la lluvia (el señor de la lluvia),,"t->t̪ (tentative, verify); unmapped char: 'l'"
810.623,811.346,mhm,mhm,,,,,unmapped char: 'h'; unmapped char: 'm'
811.498,812.269,mm,mm,,,,,unmapped char: 'm'
812.394,813.306,ñàà inka',ɲàà iŋkaʔ,,,,,
813.432,815.935,ñà-ka kúu-ñà nìkìtsáá sá'a-kue-nà vichi,ɲà ka kúu ɲà nìkìtsáá sáʔa kwɛ nà vitʃi,,that is what they started to do now,eso es lo que empezaron a hacer ahora,,unmapped char: 'w'
816.404,816.871,mhm,mhm,,,,,unmapped char: 'h'; unmapped char: 'm'
816.872,818.78,ntasáká'nu-nà sàvǐ luu-ka vichi,nt̪asákáʔnu nà sàvǐ luu ka vitʃi,,they worship the rain now,engrandecen a la lluvia ahora,,"t->t̪ (tentative, verify); unmapped char: 'l'"
819.791,821.402,ñà òkò ù'ùn avrîl kúu ñàà,ɲà òkò ùʔũ̀ avrîl kúu ɲàà,,on April 25th it's,el veinticinco de abril es,,unmapped char: 'l'; unmapped char: 'r'
821.83,822.639,kúu vikǒ-yà,kúu vikǒ jà,,his celebration,es su fiesta,de San Marcos,
824.016,825.322,òkò ù'ùn avrîl kúu vikǒ-yà,òkò ùʔũ̀ avrîl kúu vikǒ jà,,on April 25th it's his celebration,el veinticinco de abril es su fiesta,,unmapped char: 'l'; unmapped char: 'r'
826.703,829.27,ñà-ka sá'a-nà vichi ra kú nkìtsáá-nà ntasá'a-nà ún nkìtsáá,ɲà ka sáʔa nà vitʃi ra kú ŋkìtsáá nà nt̪asáʔa nà ṹ ŋkìtsáá,,that's what they do now they will start they will start,eso hacen ahora empezarán a hacer empezarán,,"t->t̪ (tentative, verify); unmapped char: 'r'"
829.73,831.377,vichi òkò ù'ùn yó'o ra kú nkìtsàà to'ó luu,vitʃi òkò ùʔũ̀ jóʔo ra kú ŋkìtsàà t̪oʔó luu,,on the 25th the Saint will arrive now,ahora el veinticinco llegará el santo,,"t->t̪ (tentative, verify); unmapped char: 'l'; unmapped char: 'r'"
831.825,833.035,meé Sà Márkù luu káchì-nà,mɛɛ́ sà Márkù luu kátʃì nà,,"San Marcos, they say","el San Marcos, dicen",,unmapped char: 'M'; unmapped char: 'l'; unmapped char: 'm'; unmapped char: 'r'
834.686,836.565,cha saán nchàà ava kítsàà-yà tiàn tsà'ǎ ñà-ka,tʃa sãá̃ ndʒàà ava kítsàà jà t̪jã̀ tsàʔǎ ɲà ka,,from last year that it has to arrive but because,desde el año pasado tenía que llegar pero porque,,"t->t̪ (tentative, verify); unmapped char: 'j'"
836.574,838.339,kúun sàvǐ ñàà ínkáà kuè'è,kú̃ũ sàvǐ ɲàà íŋkáà kwɛ̀ʔɛ̀,,"it rains, there is this disease",(cae la lluvia) está la enfermedad,COVID-19,unmapped char: 'w'
838.915,840.421,káchì-nà ra kuě níkuu kitsi-yà,kátʃì nà ra kwɛ̌ níkuu kitsi jà,,they say but it couldn't come,dicen pero no pudo venir,-yà el santo,unmapped char: 'r'; unmapped char: 'w'
840.474,841.598,vichi ra kú nkìtsàà-yà vichi,vitʃi ra kú ŋkìtsàà jà vitʃi,,not it is going to arrive,ahora va a llegar ahora,,unmapped char: 'r'
843.28,844.535,kú nkìtsàà-yà vichi ra,kú ŋkìtsàà jà vitʃi ra,,it is going to arrive but,va a llegar ahora pero,,unmapped char: 'r'
844.855,847.023,ñà-ka-ni kúu ñàà kúu tù'un luu,ɲà ka ni kúu ɲàà kúu t̪ùʔũ luu,,this is all the words,eso es es toda la palabra,"(lo que ha escuchado, lo que le han dicho)","t->t̪ (tentative, verify); unmapped char: 'l'"
847.178,847.742,ntakanì,nt̪akanì,,that I tell,que cuento,,"t->t̪ (tentative, verify)"
848.275,848.883,àjǎ,àjǎ,,yes,sí,,unmapped char: 'j'
848.924,850.19,ñà-ka-ni kúu tù'un luu ntakanì,ɲà ka ni kúu t̪ùʔũ luu nt̪akanì,,this is all the words I tell,eso es toda la palabra que cuento,,"t->t̪ (tentative, verify); unmapped char: 'l'"
850.773,852.867,@kǒo-kà-ni nchíì kúu-ñà ntakanì,@kǒo kà ni ndʒíì kúu ɲà nt̪akanì,,I don't have anything else to tell,no tengo más que contar,,"t->t̪ (tentative, verify)"
855.91,858.791,kǒo-kà-ni nchíì kúu-ñà ntakani-kà-yù nchíì kúu-ñà ñà tsàǎn-ni víî ntakanì,kǒo kà ni ndʒíì kúu ɲà nt̪akani kà jù ndʒíì kúu ɲà ɲà tsà̃ǎ̃ ni víî nt̪akanì,,"there is nothing else to tell, this is all that I am telling",ya no hay más que contar es todo lo que estoy contando,víî - kuíî,"t->t̪ (tentative, verify)"
859.383,860.668,ñà tsàǎn-ni kúu-ñà tsînì-yù,ɲà tsà̃ǎ̃ ni kúu ɲà tsînì jù,,this is what I know,eso es lo que sé,,
861.482,862.838,tiàn tono tsàà na'á ra,t̪jã̀ t̪ono tsàà naʔá ra,,but like before,pero como antes,,"t->t̪ (tentative, verify); unmapped char: 'j'; unmapped char: 'r'"
863.772,867.059,viǐ xèě ntsìntee-nà tsàà na'á viǐ xèě ntsìsá'a-nà tsàà na'á viǐ xèě,viǐ ʃɛ̀ɛ̌ ntsìnt̪ɛɛ nà tsàà naʔá viǐ ʃɛ̀ɛ̌ ntsìsáʔa nà tsàà naʔá viǐ ʃɛ̀ɛ̌,,"they lived beautifully, they did it beautifully,","vivían bonito antes, hacían bonito antes, bonito",,"t->t̪ (tentative, verify)"
868.444,869.239,cha vichi ra,tʃa vitʃi ra,,but now,pero ahora,,unmapped char: 'r'
869.626,871.606,síin xèě ntasá'a nivǐ sava nivǐ,sí̃ĩ ʃɛ̀ɛ̌ nt̪asáʔa nivǐ sava nivǐ,,some people do it very differently,hacen muy diferente algunas personas,,"t->t̪ (tentative, verify)"
872.714,873.385,ñà-ka-ni kuíî,ɲà ka ni kwíî,,that's all,eso es todo,,unmapped char: 'w'
875.65,877.976,kuà'ǎ nchuà'a to'ó luu yó'o tsío vikǒ-ni tiàn,kwàʔǎ ndʒuàʔa t̪oʔó luu jóʔo tsío vikǒ ni t̪jã̀,,many of these Saints have their celebration but,muchos de estos santos tienen su fiesta pero,tsío and not tsíǒ!,"t->t̪ (tentative, verify); unmapped char: 'j'; unmapped char: 'l'; unmapped char: 'w'"
878.521,880.64,tono kue vikǒ ná'nu-ka kúu-ñà,t̪ono kwɛ vikǒ náʔnu ka kúu ɲà,,the big celebrations are,las fiestas grandes son,,"t->t̪ (tentative, verify); unmapped char: 'w'"
880.695,881.878,tsàà ntàkanì nùǔ-ní tsàà,tsàà nt̪àkanì nùǔ ní tsàà,,I already told you,ya le conté,,"t->t̪ (tentative, verify)"
883.292,885.645,kuà'ǎ nchuà'a kue vikǒ luu yó'o kuà'ǎ nchuà'a kue to'ó luu yó'o tsío vikǒ,kwàʔǎ ndʒuàʔa kwɛ vikǒ luu jóʔo kwàʔǎ ndʒuàʔa kwɛ t̪oʔó luu jóʔo tsío vikǒ,,"many of these celebrations, many of these Saint have their celebration","muchas de estas fiestas, muchos de estos santos tienen su fiesta",,"t->t̪ (tentative, verify); unmapped char: 'l'; unmapped char: 'w'"
886.772,887.457,mhm,mhm,,,,,unmapped char: 'h'; unmapped char: 'm'
888.17,890.032,kuà'ǎ nchuà'a kue to'ó luu yó'o tsío vikǒ ra,kwàʔǎ ndʒuàʔa kwɛ t̪oʔó luu jóʔo tsío vikǒ ra,,many of these Saints have their celebration and,muchos de estos santos tienen su fiesta y,,"t->t̪ (tentative, verify); unmapped char: 'l'; unmapped char: 'r'; unmapped char: 'w'"
890.598,891.048,ñàà,ɲàà,,,,,
891.048,892.543,ñà-ka kúu-ñà ntsìsá'a-nà tsàà na'á,ɲà ka kúu ɲà ntsìsáʔa nà tsàà naʔá,,this is what they did before,esto es lo que hacían antes,,
892.543,895.242,ñà-ka kúu-ñà nchàkù inì-yù ñà-ka kúu-ñà yéè tá nchàkù inì-yù,ɲà ka kúu ɲà ndʒàkù inì jù ɲà ka kúu ɲà jɛ́ɛ̀ t̪á ndʒàkù inì jù,,this was when I gre up this is what there was when I grew up,eso era cuando crecí eso es lo que había cuando crecí,,"t->t̪ (tentative, verify)"
896.256,896.958,ñà-ka,ɲà ka,,this,eso,,
897.327,899.035,tsàà ntàkanì ñàà ntànta'ǎ-nà ra,tsàà nt̪àkanì ɲàà nt̪ànt̪aʔǎ nà ra,,I already told that they got married,ya conté que se casaban,,"t->t̪ (tentative, verify); unmapped char: 'r'"
899.052,900.762,suu ntànta'ǎ-nà tsàà ntàkanì nùǔ-ní,suu nt̪ànt̪aʔǎ nà tsàà nt̪àkanì nùǔ ní,,I already told you that they got married,ya le conté que se casaban,,"t->t̪ (tentative, verify)"
901.267,902.941,neě nchíì kúu-kà ñà ntakani-kà-yù,nɛɛ̌ ndʒíì kúu kà ɲà nt̪akani kà jù,,let's see what else I tell,a ver qué más cuento,,"t->t̪ (tentative, verify)"
904.449,906.433,nchíì kúu-kà ñà ntakani-kà-yù káchǎ,ndʒíì kúu kà ɲà nt̪akani kà jù kátʃǎ,,let's see what else I can tell,a ver qué más cuento dice,,"t->t̪ (tentative, verify)"
910.828,911.673,kǒo-kà nchíì kúu-kà-ñà,kǒo kà ndʒíì kúu kà ɲà,,there is nothing else,no hay otra cosa,,