start,end,orth,draft_ipa,eng,spn,notes,flags
4.411,7.144,meê nanî Guillermo Martínez López,mɛɛ̂ nanî Guillɛrmo Mart̪ínɛz Lópɛz,My name is Guillermo Martinez Lopez,Yo me llamo Guillermo Martinez Lopez,,"t->t̪ (tentative, verify); unmapped char: 'G'; unmapped char: 'L'; unmapped char: 'M'; unmapped char: 'l'; unmapped char: 'm'; unmapped char: 'p'; unmapped char: 'r'; unmapped char: 'z'"
7.147,8.571,ñuù-yù kúu Yukúnanǐ,ñuù yù kúu Yukúnanǐ,I am from Yucunani,Soy de Yucunani,,unmapped char: 'Y'; unmapped char: 'y'
9.087,13.302,cha ná ntakanì xóó luu nixi sáchúùn tsi ñùñǔ ñàà,tʃa ná nt̪akanì ʃóó luu niʃi sátʃúũ̀ tsi ñùñǔ ñàà,I am going to tell a bit how I work with the beed,voy a contar un poquito sobre como trabajo con las abejas,,"t->t̪ (tentative, verify); unmapped char: 'l'"
14.761,15.866,kú'mî,kúʔmî,I have,Yo tengo,Cuando se habla rapido no se oye la glotal,unmapped char: 'm'
15.943999999999999,17.886,kuàâ ùtsì ùtsì-ni ñà,kuàâ ùtsì ùtsì ni ñà,like ten ten things,como diez diez cosas,ña=de cosas,
17.9,19.97,kájà ñùñǔ luu kú'mî kuě kuà'ǎ-tí kú'mî teèn,kájà ñùñǔ luu kúʔmî kwɛ̌ kuàʔǎ t̪í kúʔmî t̪ɛɛ̃̀,little boxes of bees that I I don't have many but,caja de abejitas que tengo no tengo muchos pero,,"t->t̪ (tentative, verify); unmapped char: 'j'; unmapped char: 'l'; unmapped char: 'm'; unmapped char: 'w'"
20.249,21.272,ná ntakanì xóó luu,ná nt̪akanì ʃóó luu,I am going to tell a bit,voy a contar poquito,,"t->t̪ (tentative, verify); unmapped char: 'l'"
21.287,22.205,nchíì kúu ñà sá'à,ntʃíì kúu ñà sáʔà,what I do,lo que hago,,
22.238,23.185,nchíì kúu ñà sá'à,ntʃíì kúu ñà sáʔà,what I do,lo que hago,,
23.208,24.232,tsi ñàà,tsi ñàà,with,con,,
24.374,25.485,tsi ñùñǔ luu yó'o,tsi ñùñǔ luu yóʔo,with these little bees,con estas abejitas,,unmapped char: 'l'; unmapped char: 'y'
25.624,26.909,kú'mî-tǐ ra,kúʔmî t̪ǐ ra,I have them,las tengo,ti=de animal ra=?,"t->t̪ (tentative, verify); unmapped char: 'm'; unmapped char: 'r'"
27.106,28.043,ñàà,ñàà,,,ña=de pensando,
28.054,29.351,tá kuìà tá kuìà ra,t̪á kuìà t̪á kuìà ra,year after year,de año en año,ra=interjecion,"t->t̪ (tentative, verify); unmapped char: 'r'"
29.368,30.56,tavâ ntǔxì,t̪avâ nt̪ǔʃì,I take honey,saco miel,,"t->t̪ (tentative, verify)"
30.656,31.22,cha,tʃa,but,pero,,
31.226,32.255,ntǔxì luu-ka ra,nt̪ǔʃì luu ka ra,the honey,la miel,Ka=esa miel,"t->t̪ (tentative, verify); unmapped char: 'l'; unmapped char: 'r'"
32.255,35.386,sava-rá xíkò cha sava-rá kí ntòo tsátsí-kuê-rǎ,sava rá ʃíkò tʃa sava rá kí nt̪òo tsátsí kuɛ̂ rǎ,I sell half of it and the other half remains and we eat it,La mitad vendo y la otra mitad queda y la comemos,,"t->t̪ (tentative, verify); unmapped char: 'r'"
35.616,38.034,tsàà yachi níi kuìà-ni,tsàà yatʃi níi kuìà ni,almost all year,Casi todo el año,,unmapped char: 'y'
38.054,42.13,st.. stákoò kuà'ǎ-rá tavà tsíǒ-rá níi kuìà-ni mímeé ntǔxì kúu ñàà,st̪.. st̪ákoò kuàʔǎ rá t̪avà tsíǒ rá níi kuìà ni mímɛɛ́ nt̪ǔʃì kúu ñàà,"I leave a good quantity so that there is (honey) for the whole year, it is pure honey that",Dejo un buen cantidad para que haya todo el año es puro miel que,,"t->t̪ (tentative, verify); unmapped char: 'm'; unmapped char: 'r'"
42.136,45.805,tsátsí-kuê kǒo ko... kǒo-kà iinkàâ ñàà,tsátsí kuɛ̂ kǒo ko... kǒo kà iinkàâ ñàà,"we eat, there's nothing else",comemos ya no hay otra cosa,,
45.838,49.083,tsátsí-vê ntǔxì-ni kúu-ñà chíkàà-vê nùǔ ñàà,tsátsí vɛ̂ nt̪ǔʃì ni kúu ñà tʃíkàà vɛ̂ nùǔ ñàà,we eat honey we only put honey on the ...,comemos miel solo miel echamos a la...,El hablante pronuncia ve al kue,"t->t̪ (tentative, verify)"
49.083,53.677,á iin ñà ko'o-vê á.... nchíì katsí-vê ra meé soo ntǔxì tsáchúun-vê ra,á iĩ ñà koʔo vɛ̂ á.... ntʃíì katsí vɛ̂ ra mɛɛ́ soo nt̪ǔʃì tsátʃúũ vɛ̂ ra,if it is something we drink or something we eat we only use honey,si es algo que tomamos o si es algo que comemos solo usamos miel para,,"t->t̪ (tentative, verify); unmapped char: 'm'; unmapped char: 'r'"
53.677,57.177,ñàà tá tsàà na'á ntákani-nà ñàà,ñàà t̪á tsàà naʔá nt̪ákani nà ñàà,before they used to tell that,ah antes contaban que,,"t->t̪ (tentative, verify)"
57.198,58.72,tá ntsìtavǎ-nà ñàà,t̪á ntsìt̪avǎ nà ñàà,when they would take,cuando solian sacar,,"t->t̪ (tentative, verify)"
58.72,61.755,ñùñǔ-ka ra meé soo tìntò'ǒ luu ntsìtsǎchúun-nà,ñùñǔ ka ra mɛɛ́ soo t̪ìnt̪òʔǒ luu ntsìtsǎtʃúũ nà,"the bees, they would just use little jars",las abejas puro jarrito usaban,Las personas usaban jarritos,"t->t̪ (tentative, verify); unmapped char: 'l'; unmapped char: 'm'; unmapped char: 'r'"
61.762,63.495,chíkàà-nà ñu'ù ra,tʃíkàà nà ñuʔù ra,make fire,echan fuego y,,unmapped char: 'r'
63.507,67.368,chíkàà-nà ñàà ñàà yuchí yútǔ,tʃíkàà nà ñàà ñàà yutʃí yút̪ǔ,put some sawdust,echan serrín,yuchí yútǔ - de yuchǐ yutǔ. Rise de yuchǐ se reduce a alto. Alto adjetival en yútǔ??,"t->t̪ (tentative, verify); unmapped char: 'y'"
67.41,70.118,á nchíì tâǎn-nà jara ñà-ka kúu-ñà,á ntʃíì t̪âã̌ nà jara ñà ka kúu ñà,or whatever they put and that is,o lo que le pongan y eso es,,"t->t̪ (tentative, verify); unmapped char: 'j'; unmapped char: 'r'"
70.118,71.963,saán kúu-ñà ntsìtavǎ-nà ntǔxì,saã́ kúu ñà ntsìt̪avǎ nà nt̪ǔʃì,that's how they used to take the honey,asi era como sacaban la miel,,"t->t̪ (tentative, verify)"
71.973,73.503,tá tsàà na'á cha vichi ra,t̪á tsàà naʔá tʃa vitʃi ra,before but now,antes pero ahora,,"t->t̪ (tentative, verify); unmapped char: 'r'"
73.506,76.266,ntùu kue kàa ra ñǒ'o kúu ñà tsáchúun-kuê ra,nt̪ùu kwɛ kàa ra ñǒʔo kúu ñà tsátʃúũ kuɛ̂ ra,they invented the metals and these are the ones we use,y se inventaron los fierros y esos son los que usamos,,"t->t̪ (tentative, verify); unmapped char: 'r'; unmapped char: 'w'"
76.279,78.582,ñà-ka kúu-ñà ñàà,ñà ka kúu ñà ñàà,this is what we,eso es lo que,,
78.582,80.42,távǎ-kuê ntǔxì ra,t̪ávǎ kuɛ̂ nt̪ǔʃì ra,take the honey,sacamos miel,,"t->t̪ (tentative, verify); unmapped char: 'r'"
80.42,84.239,meê ra tsàà yachi mikǐ xíkò ntǔxì tono ntǔxì ntǔxì ñàà,mɛɛ̂ ra tsàà yatʃi mikǐ ʃíkò nt̪ǔʃì t̪ono nt̪ǔʃì nt̪ǔʃì ñàà,I almost never sell honey like honey honey,yo ya casi nunca vendo miel como miel miel...,,"t->t̪ (tentative, verify); unmapped char: 'm'; unmapped char: 'r'; unmapped char: 'y'"
84.281,85.886,kú'nî-rǎ rì tsà'ǎ ñà-ka,kúʔnî rǎ rì tsàʔǎ ñà ka,squeezed because,esprimirlo porque,,unmapped char: 'r'
85.912,91.519,váí nchuà'a tsú'ní-kuê-rǎ ra tsàà yachi meé soo tá ñù'mǎ luu tsú'nî ra ñàà,váí ntʃuàʔa tsúʔní kuɛ̂ rǎ ra tsàà yatʃi mɛɛ́ soo t̪á ñùʔmǎ luu tsúʔnî ra ñàà,it takes a lot to squeeze it and it’s almost put wax that we squeeze,tardamos mucho en exprimirla(miel) y casi puro cera exprimo y,"Nota: meé soo tá = puro / No sabemos por qué tá, pero no significa cuando","t->t̪ (tentative, verify); unmapped char: 'l'; unmapped char: 'm'; unmapped char: 'r'; unmapped char: 'y'"
91.519,97.011,nchá... nchá kána kúu ñàà nchá ntinuu luu kúu nchá xíkò ra ñà kúu,ntʃá... ntʃá kána kúu ñàà ntʃá nt̪inuu luu kúu ntʃá ʃíkò ra ñà kúu,the liquid... the liquid that comes out it is the liquid that I sell,el líquido... el líquido(miel) que sale es el puro líquido lo que vendo,,"t->t̪ (tentative, verify); unmapped char: 'l'; unmapped char: 'r'"
97.115,101.415,saán sáchúun-kuê chíí suà'a chíí Yukúnanǐ tatù,saã́ sátʃúũ kuɛ̂ tʃíí suàʔa tʃíí Yukúnanǐ t̪at̪ù,this is how we work for this area in Yucunani in case,así trabajamos de este lado por Yucunani por si,notes: tatù = ratù (variation),"t->t̪ (tentative, verify); unmapped char: 'Y'"
101.429,104.541,nchíì nà kúnì katsí ntǔxì ra,ntʃíì nà kúnì katsí nt̪ǔʃì ra,somebody wants to eat honey,alguien quiere comer miel y,,"t->t̪ (tentative, verify); unmapped char: 'r'"
104.565,108.271,ñàà ka'àn soo-kue-ní-ni ra yó'o yéè-rǎ,ñàà kaʔã̀ soo kwɛ ní ni ra yóʔo yɛ́ɛ̀ rǎ,just say it and we have some here,nomas digan y aqui hay(miel),ejemplo de =rǎ como sujeto,unmapped char: 'r'; unmapped char: 'w'; unmapped char: 'y'
108.294,113.563,ñàà tá xina ñú'u nìkìtsáà ñàà,ñàà t̪á ʃina ñúʔu nìkìtsáà ñàà,the first time I started,la primera vez que empecé,note: Jeremías pronunciaría 'xinà ñú'u' (no sabemos por qué la diferencia),"t->t̪ (tentative, verify)"
113.575,116.042,ntǎ'àn inì-yù kúu ku'mî ñùñǔ kúu-ñà,nt̪ǎʔã̀ inì yù kúu kuʔmî ñùñǔ kúu ñà,I liked being able to have bees because,Me gustó poder tener abejas porque,,"t->t̪ (tentative, verify); unmapped char: 'm'; unmapped char: 'y'"
116.201,118.447,ntàà tá luù ra ntsìtá'àn nchuà'a inì-yù ñàà,nt̪àà t̪á luù ra ntsìt̪áʔã̀ ntʃuàʔa inì yù ñàà,it is true that when I was a kid I liked it a lot,es verdad que cuando estaba chico me gustaba mucho,,"t->t̪ (tentative, verify); unmapped char: 'l'; unmapped char: 'r'; unmapped char: 'y'"
118.492,121.193,tá ntáné'ê ñùñǔ á yokǒ á,t̪á nt̪ánɛ́ʔɛ̂ ñùñǔ á yokǒ á,when I found bees or wasps,Cuando encuentro abejas o avispas o algo,Check tones of avispas,"t->t̪ (tentative, verify); unmapped char: 'y'"
121.193,124.271,nchíì nchíì ñà nìkùu-ni ra ntsìtá'àn nchuà'a inì-yù,ntʃíì ntʃíì ñà nìkùu ni ra ntsìt̪áʔã̀ ntʃuàʔa inì yù,something something whatever it was I liked it a lot,algo algo lo que fuera a mí me gustaba mucho.,Notes: nchuà'a entre V y inì,"t->t̪ (tentative, verify); unmapped char: 'r'; unmapped char: 'y'"
124.288,125.296,kusíkî rì,kusíkî rì,to play because,jugar porque,notes: good example of purposive,unmapped char: 'r'
125.296,127.453,ntsìtá'àn nchuà'a inì-yù távâ ntǔxì luu--tí,ntsìt̪áʔã̀ ntʃuàʔa inì yù t̪ávâ nt̪ǔʃì luu t̪í,I used to like taking their honey a lot,me gustaba mucho sacar su miel,,"t->t̪ (tentative, verify); unmapped char: 'l'; unmapped char: 'y'"
127.489,129.852,jara né'ê ntǔxì luu tsátsî tá tsíkà yukǔ,jara nɛ́ʔɛ̂ nt̪ǔʃì luu tsátsî t̪á tsíkà yukǔ,and I got honey and I would eat it when I walked on the mountain,y conseguía miel (y)me la comia cuando andaba por el monte.,"notes: not katsî, tsátsî - because it's realis! It's what he actually used to do","t->t̪ (tentative, verify); unmapped char: 'j'; unmapped char: 'l'; unmapped char: 'r'; unmapped char: 'y'"
129.858,132.039,kuà'àn-yù nùǔ sànà-yù kuà'àn-yù ra,kuàʔã̀ yù nùǔ sànà yù kuàʔã̀ yù ra,I go with my animals (properties) or I go and,voy con mis animales(propiedad) o voy,"Notas: sànà - propiedad, anafórico (en este caso se refiere a los animales)",unmapped char: 'r'; unmapped char: 'y'
132.052,133.967,ntáné'ê ñàà yòkò ra,nt̪ánɛ́ʔɛ̂ ñàà yòkò ra,I find beehives or,encuentro panales o,,"t->t̪ (tentative, verify); unmapped char: 'r'; unmapped char: 'y'"
133.981,135.743,tsá'nchà-yù-ñà ra né'ê ntǔxì luu tsátsî,tsáʔntʃà yù ñà ra nɛ́ʔɛ̂ nt̪ǔʃì luu tsátsî,I cut it and I get honey to eat,lo corto y consigo miel para comer,,"t->t̪ (tentative, verify); unmapped char: 'l'; unmapped char: 'r'; unmapped char: 'y'"
135.755,137.755,cha iká kúu-ñà nìntǎ'vǐ-à inì-yù ñàà,tʃa iká kúu ñà nìnt̪ǎʔvǐ à inì yù ñàà,that's what it came from to me,de ahí es donde me nació,Notes: Check tones!!!,"t->t̪ (tentative, verify); unmapped char: 'y'"
137.767,140.699,nìkùtoò-yù nìkùtoò-yù kúu ku'mî-tǐ,nìkùt̪oò yù nìkùt̪oò yù kúu kuʔmî t̪ǐ,I liked it Iliked to have them,me gustó me gustó tenerlos (los animales),,"t->t̪ (tentative, verify); unmapped char: 'm'; unmapped char: 'y'"
140.711,142.24,jara ñàà,jara ñàà,then,entonces,,unmapped char: 'j'; unmapped char: 'r'
142.254,145.793,ntás... ntásan... ntsà'a chí'an-nà iin ñàà iin,nt̪ás... nt̪ásan... ntsàʔa tʃíʔã nà iĩ ñàà iĩ,they gave me a,ah ah me regalaron un...,Notes: escribimos ntsà'achí'an-nà or ntsà'a chí'an-nà,"t->t̪ (tentative, verify)"
145.806,147.266,kájà luu-tí kúu ku'mî,kájà luu t̪í kúu kuʔmî,little box to have them,cajita para tenerlos,,"t->t̪ (tentative, verify); unmapped char: 'j'; unmapped char: 'l'; unmapped char: 'm'"
147.282,149.671,jara iká ra kuéên kuéên ra ntàkayà-tǐ,jara iká ra kuɛ́ɛ̃̂ kuɛ́ɛ̃̂ ra nt̪àkayà t̪ǐ,then slowly they multiplied,entonces ahí poco a poco se multiplicaron,,"t->t̪ (tentative, verify); unmapped char: 'j'; unmapped char: 'r'; unmapped char: 'y'"
149.671,152.964,ñà ntàà kúu-ñà michú'ni ñàà,ñà nt̪àà kúu ñà mitʃúʔni ñàà,truth is that now that,es verdad que ahorita que,,"t->t̪ (tentative, verify); unmapped char: 'm'"
152.966,155.142,yòǒ ichî ñàà kǒo ñàà,yòǒ itʃî ñàà kǒo ñàà,that is the dry season,la temporada seca,,unmapped char: 'y'
155.142,156.174,kǒo,kǒo,there isn't,no hay,,
157.171,159.04,ñà katsí ñùñǔ luu yó'o ra,ñà katsí ñùñǔ luu yóʔo ra,food so that these bees eat,que estas abejitas coman,,unmapped char: 'l'; unmapped char: 'r'; unmapped char: 'y'
159.136,161.862,ñà ntàà meê ra mikǐ tù'vâ tâân ñà katsí,ñà nt̪àà mɛɛ̂ ra mikǐ t̪ùʔvâ t̪âã̂ ñà katsí,The truth is that I don't normally give them food,"La verdad, yo no suelo darles de comer",,"t->t̪ (tentative, verify); unmapped char: 'm'; unmapped char: 'r'"
161.87,163.291,katsí-tí nti....,katsí t̪í nt̪i....,the animals,a los animales,,"t->t̪ (tentative, verify)"
163.314,165.22,tsíní ñú'u tono ñà ká'àn kue,tsíní ñúʔu t̪ono ñà káʔã̀ kwɛ,it is important as they say,es importante como dicen,,"t->t̪ (tentative, verify); unmapped char: 'w'"
165.228,167.37,tò'ò yó'o kúu-ñà tsíní ñú'u kuà'a-kó,t̪òʔò yóʔo kúu ñà tsíní ñúʔu kuàʔa kó,"the ""foreigners"" that you have to give them",los fuereno que es importante darles,,"t->t̪ (tentative, verify); unmapped char: 'y'"
167.428,170.133,ñà katsí-tí tavà koo-tí teèn meê ra,ñà katsí t̪í t̪avà koo t̪í t̪ɛɛ̃̀ mɛɛ̂ ra,give them food so they live but I,darles de comer para que vivan pero yo,,"t->t̪ (tentative, verify); unmapped char: 'm'; unmapped char: 'r'"
170.241,173.293,kuě kúnì-yù skâân ñùñǔ luu saán saán soo ñàà,kwɛ̌ kúnì yù skâã̂ ñùñǔ luu saã́ saã́ soo ñàà,I don't want my bees to get used to this,No quiero acustumbrar mis abejitas asi asi que,,unmapped char: 'l'; unmapped char: 'w'; unmapped char: 'y'
173.307,174.896,ñà sá'à kúu-ñà tsákì soò ñàà,ñà sáʔà kúu ñà tsákì soò ñàà,what I do is I sow,lo que hago es solo sembrar,,
174.914,176.546,ità luu katsí-tí á,it̪à luu katsí t̪í á,little flowers to eat,florecitas para comer o,,"t->t̪ (tentative, verify); unmapped char: 'l'"
176.757,178.336,nchíì kuáchi suà'a luu ntu...,ntʃíì kuátʃi suàʔa luu nt̪u...,whatever,cualquier cosa,,"t->t̪ (tentative, verify); unmapped char: 'l'"
178.357,181.544,ntuvà á nchíì tsákì-yù ra iká kúu-ñà ntútútú-tí ra iká,nt̪uvà á ntʃíì tsákì yù ra iká kúu ñà nt̪út̪út̪ú t̪í ra iká,edible herbs or what I sow and there (bees) get together and,hierbas comestibles o lo que siembro y ahí se juntan(abejas) y,notes: investigar qué hierba en concreto,"t->t̪ (tentative, verify); unmapped char: 'r'; unmapped char: 'y'"
181.544,182.444,iká tsítsá'an-tí,iká tsítsáʔã t̪í,there they eat,ahí comen(abejas),notes: -tí a veces suena como -rí,"t->t̪ (tentative, verify)"
184.809,186.283,ñàà,ñàà,,,,
186.375,188.528,tá nìkìtsáà ra jani kuě,t̪á nìkìtsáà ra jani kwɛ̌,when I started almost no,Cuando empecé casi no,,"t->t̪ (tentative, verify); unmapped char: 'j'; unmapped char: 'r'; unmapped char: 'w'"
188.794,191.036,kuě nchíchì xèě-ni kuíî nùû rì tsà'ǎ ñà-ka,kwɛ̌ ntʃítʃì ʃɛ̀ɛ̌ ni kuíî nùû rì tsàʔǎ ñà ka,it wasn't even that difficult for me because,no se me hizo dificil porque,,unmapped char: 'r'; unmapped char: 'w'
191.109,192.714,tono iin chuun ñàà,t̪ono iĩ tʃuũ ñàà,like a job that,como un trabajo que,notes: suena casi como nà,"t->t̪ (tentative, verify)"
192.735,195.646,tá'àn ntǎ'àn inì-yù sá'à víî ra tsà'ǎ ñà-ka kúu-ñà,t̪áʔã̀ nt̪ǎʔã̀ inì yù sáʔà víî ra tsàʔǎ ñà ka kúu ñà,I like and liked doing that's why,me gusta me gustaba hacer por eso es,notes: víî = kuíî,"t->t̪ (tentative, verify); unmapped char: 'r'; unmapped char: 'y'"
195.703,196.69,ñàà,ñàà,,,,
196.69,198.911,kuě nchíchì xèě kúu-ñà nìkùtù'và tavà,kwɛ̌ ntʃítʃì ʃɛ̀ɛ̌ kúu ñà nìkùt̪ùʔvà t̪avà,"it wasn't very difficult, I learned it so that",no era muy dificil lo que aprendi para que,,"t->t̪ (tentative, verify); unmapped char: 'w'"
199.476,201.029,kutù'và nixi tavâ-rǐ,kut̪ùʔvà niʃi t̪avâ rǐ,I learned how to take them out,aprendiera como sacarlos(abejas),notes: ti suena como ri,"t->t̪ (tentative, verify); unmapped char: 'r'"
202.815,204.462,ñà ntàà ra ñàà,ñà nt̪àà ra ñàà,the truth is that,la verdad que,,"t->t̪ (tentative, verify); unmapped char: 'r'"
204.467,206.493,chuun luu-ka ra kuě nchíchì-ñà ra,tʃuũ luu ka ra kwɛ̌ ntʃítʃì ñà ra,the job is not dificult,el trabajo no es dificil,,unmapped char: 'l'; unmapped char: 'r'; unmapped char: 'w'
206.525,208.185,á kúu-nà ña'á á kúu-nà chàa,á kúu nà ñaʔá á kúu nà tʃàa,be it women or men,ya sean mujeres o hombres,,
208.185,209.38,ra kúu,ra kúu,they can,se pueda,,unmapped char: 'r'
209.38,212.359,kúu... kúu ku'mí-nà-tǐ ra kúu sáchúun-nà tsi-tí rì,kúu... kúu kuʔmí nà t̪ǐ ra kúu sátʃúũ nà tsi t̪í rì,they can have them and work with them because,se pueda tenerlos y trabajarlos porque,,"t->t̪ (tentative, verify); unmapped char: 'm'; unmapped char: 'r'"
212.672,213.614,ñàà,ñàà,,,,
213.814,216.362,iin ñà ná mà yǔ'ù soo-nà-tǐ-ni ra kúu,iĩ ñà ná mà yǔʔù soo nà t̪ǐ ni ra kúu,if you only are not afraid of them you can,nomás que no se le tenga miedo y se puede,,"t->t̪ (tentative, verify); unmapped char: 'm'; unmapped char: 'r'; unmapped char: 'y'"
218.989,221.731,"àjǎ, tá tsàà na'á ra saán-ni ntsìtsìkà","àjǎ, t̪á tsàà naʔá ra saã́ ni ntsìtsìkà","yes, I used to walk",si antes solo solía andar,,"t->t̪ (tentative, verify); unmapped char: 'j'; unmapped char: 'r'"
221.741,224.394,iin sa'mǎ ncheé-ni... [tsi iin] ñàà,iĩ saʔmǎ ntʃɛɛ́ ni... [tsi iin] ñàà,with thick clothes and,con una ropa gruesa (y),,unmapped char: 'm'
224.786,226.838,iin ñà kú ntǎsì nùǔ nchíì ñà nìkùu-ni,iĩ ñà kú nt̪ǎsì nùǔ ntʃíì ñà nìkùu ni,with whatever to cover my face,con lo que fuera para taparme la cara,,"t->t̪ (tentative, verify)"
226.854,228.368,ntsìtsásì-yù nùû ra,ntsìtsásì yù nùû ra,I used to cover my face,me solía tapar la cara,,unmapped char: 'r'; unmapped char: 'y'
228.368,230.446,vichi kúu ñàà vichi kúu-ñà ntàkuǎàn,vitʃi kúu ñàà vitʃi kúu ñà nt̪àkwǎã̀,now I bought,ahora es que compré,,"t->t̪ (tentative, verify); unmapped char: 'w'"
230.466,232.405,yéè kánkúun sa'mǎ ñàà,yɛ́ɛ̀ kánkúũ saʔmǎ ñàà,special clothes,ropa especial que,,unmapped char: 'm'; unmapped char: 'y'
232.41,234.644,ñà kú ntsìtsó ñàà kú nkàa nùǔ-kó,ñà kú ntsìtsó ñàà kú nkàa nùǔ kó,to dress and cover my (our) face,para vestirnos o para cubrir la cara,,
236.96,238.615,Yukúnanǐ yó'o ra,Yukúnanǐ yóʔo ra,Here in Yucunani,Aqui en Yucunani,,unmapped char: 'Y'; unmapped char: 'r'; unmapped char: 'y'
238.622,241.142,ùnì tá'àn-kuê kúu-ñà sáchúun sáchúun,ùnì t̪áʔã̀ kuɛ̂ kúu ñà sátʃúũ sátʃúũ,there are three of us that work,tres de nosotros somos los que trabajamos,,"t->t̪ (tentative, verify)"
241.142,242.825,cha maestro Moisés,tʃa maɛst̪ro Moisɛ́s,with Maestro Moisés,con el Maestro Moises,,"t->t̪ (tentative, verify); unmapped char: 'M'; unmapped char: 'm'; unmapped char: 'r'"
242.836,244.269,Velasco tsi ñàà,vɛlasco tsi ñàà,Velasco and,Velasco y,,unmapped char: 'c'; unmapped char: 'l'
244.749,248.138,Maurino Rodriguez ùnì tá'àn-kuê kúu-ñà sáchúun Yukúnanǐ yó'o,Maurino Rodriguɛz ùnì t̪áʔã̀ kuɛ̂ kúu ñà sátʃúũ Yukúnanǐ yóʔo,"Maurino Rodriguez, there are three of us who work here in Yucunani",Maurino Rodriguez somo tres los que trabajamos aqui en Yucunani,,"t->t̪ (tentative, verify); unmapped char: 'M'; unmapped char: 'R'; unmapped char: 'Y'; unmapped char: 'd'; unmapped char: 'g'; unmapped char: 'r'; unmapped char: 'y'; unmapped char: 'z'"
249.443,250.66,ñàà,ñàà,,,,
250.665,253.104,iin nùǔ kájà ra ñàà,iĩ nùǔ kájà ra ñàà,in a box and,en una caja y,,unmapped char: 'j'; unmapped char: 'r'
254.221,257.86,nti'i-ni kue kájà yó'o ra tsíku'mí-à iin ñùñǔ luu kitǐ,nt̪iʔi ni kwɛ kájà yóʔo ra tsíkuʔmí à iĩ ñùñǔ luu kit̪ǐ,all boxes normally have a little bee,todas las cajas suelen tener una abejita,,"t->t̪ (tentative, verify); unmapped char: 'j'; unmapped char: 'l'; unmapped char: 'm'; unmapped char: 'r'; unmapped char: 'w'; unmapped char: 'y'"
257.865,259.487,kitǐ naní reina,kit̪ǐ naní rɛina,called the queen,que le dicen reina,,"t->t̪ (tentative, verify); unmapped char: 'r'"
259.49,261.112,saán naní iin kitǐ kúu ntsá'nu,saã́ naní iĩ kit̪ǐ kúu ntsáʔnu,this is what we call the one that rules,así se llama la que manda,,"t->t̪ (tentative, verify)"
261.115,263.465,tsàà jara kú'mí síin tukì iin ñàà,tsàà jara kúʔmí síĩ t̪ukì iĩ ñàà,but it (the box) also has a different,pero tambien la (caja) tiene otra abeja,,"t->t̪ (tentative, verify); unmapped char: 'j'; unmapped char: 'm'; unmapped char: 'r'"
263.926,266.421,ñùñǔ kitǐ ntoo luu kitǐ íí ná kachǒ,ñùñǔ kit̪ǐ nt̪oo luu kit̪ǐ íí ná katʃǒ,"bee, a big animal that is the male let's say",abeja mas grande que es el macho digamos,,"t->t̪ (tentative, verify); unmapped char: 'l'"
266.777,270.454,cha jara (ii...) kitǐ íí luu-ka ra iin tiémpù luu-ni tono iin,tʃa jara (ii...) kit̪ǐ íí luu ka ra iĩ t̪iɛ́mpù luu ni t̪ono iĩ,and the male only lives for a little time,y el macho solo vive en un tiempecito,,"t->t̪ (tentative, verify); unmapped char: 'j'; unmapped char: 'l'; unmapped char: 'm'; unmapped char: 'p'; unmapped char: 'r'"
270.621,272.76,yéè iin tiémpù luu-ni kúu-ñà tsíǒ-tí,yɛ́ɛ̀ iĩ t̪iɛ́mpù luu ni kúu ñà tsíǒ t̪í,it lives for a little time,vive en un tiempecito,,"t->t̪ (tentative, verify); unmapped char: 'l'; unmapped char: 'm'; unmapped char: 'p'; unmapped char: 'y'"
272.999,273.926,cha jara,tʃa jara,and then,entonces,,unmapped char: 'j'; unmapped char: 'r'
273.998,274.843,ñàà,ñàà,,,,
274.862,276.106,takuà tsákì-tǐ tàtà,t̪akuà tsákì t̪ǐ t̪àt̪à,to reproduce,para reproducir,,"t->t̪ (tentative, verify)"
276.237,278.609,cha tá ntì'i jara (tsán) tsá'ní-kue-ì ñàà,tʃa t̪á nt̪ìʔi jara (tsán) tsáʔní kwɛ ì ñàà,then the (female) bees kill,luego las abejas(hembras) matan,,"t->t̪ (tentative, verify); unmapped char: 'j'; unmapped char: 'r'; unmapped char: 'w'"
278.788,279.905,kue kitǐ íí-ka,kwɛ kit̪ǐ íí ka,the male bees,a los machos,,"t->t̪ (tentative, verify); unmapped char: 'w'"
279.905,281.299,cha ntôo tani ñàà,tʃa nt̪ôo t̪ani ñàà,and then the only one left,entonces solo queda,,"t->t̪ (tentative, verify)"
281.333,283.622,kitǐ kúu ntsá'nu-ka kitǐ tsákì ntivǐ-ka,kit̪ǐ kúu ntsáʔnu ka kit̪ǐ tsákì nt̪ivǐ ka,is the queen that lays eggs,la reina la que pone los huevos,,"t->t̪ (tentative, verify)"
283.932,285.254,tsákì-tǐ ntivǐ,tsákì t̪ǐ nt̪ivǐ,lays eggs,pone huevos,,"t->t̪ (tentative, verify)"
285.274,286.707,kuà'ǎ nchuà'à ntivǐ tsákì-tǐ,kuàʔǎ ntʃuàʔà nt̪ivǐ tsákì t̪ǐ,lays a lot of eggs,pone muchos huevos,,"t->t̪ (tentative, verify)"
286.843,288.315,jara tá ntsìnu ra ntáku...,jara t̪á ntsìnu ra nt̪áku...,when it finishes,y cuando termina,,"t->t̪ (tentative, verify); unmapped char: 'j'; unmapped char: 'r'"
289.115,290.487,tá kuà'àn nkua'nu ñàà,t̪á kuàʔã̀ nkwaʔnu ñàà,when it is growing,cuando va creciendo,,"t->t̪ (tentative, verify); unmapped char: 'w'"
290.487,292.449,ítsí luu-ka jara ntákasì-tǐ,ítsí luu ka jara nt̪ákasì t̪ǐ,(larvae) then it closes,los huevitos entonces cierra,suena como parecido a (tákasì-tǐ),"t->t̪ (tentative, verify); unmapped char: 'j'; unmapped char: 'l'; unmapped char: 'r'"
292.91,294.988,jara tá nìkěta iin,jara t̪á nìkɛ̌t̪a iĩ,after completing one,cuando cumplen una,,"t->t̪ (tentative, verify); unmapped char: 'j'; unmapped char: 'r'"
294.991,296.83,kuàâ òkò kìǐ jara tâ'vǐ-tí,kuàâ òkò kìǐ jara t̪âʔvǐ t̪í,"20 days, they are born",veintena de dias y nacen,(ti) a veces suena como (ri),"t->t̪ (tentative, verify); unmapped char: 'j'; unmapped char: 'r'"
296.858,298.834,tá ntǎ'vǐ-tí jara iká ra ñàà,t̪á nt̪ǎʔvǐ t̪í jara iká ra ñàà,after they are born,luego que nacen entonces,,"t->t̪ (tentative, verify); unmapped char: 'j'; unmapped char: 'r'"
298.84,301.51,tatù ná ta'vǐ iinkàâ kitǐ kúu ntsá'nu-ka jara,t̪at̪ù ná t̪aʔvǐ iinkàâ kit̪ǐ kúu ntsáʔnu ka jara,if another queen is born then,si nace otra reina entonces,,"t->t̪ (tentative, verify); unmapped char: 'j'; unmapped char: 'r'"
301.511,305.664,kú ntàsǎtútú tá'àn-tǐ iin iin xóó luu-tí jara ún nkee-tí kù'ùn-tǐ,kú nt̪àsǎt̪út̪ú t̪áʔã̀ t̪ǐ iĩ iĩ ʃóó luu t̪í jara ṹ nkɛɛ t̪í kùʔũ̀ t̪ǐ,a few gather together and they leave,se junta unos cuantos y luego se marchan,"tá'an = recíproco? ""each other""","t->t̪ (tentative, verify); unmapped char: 'j'; unmapped char: 'l'; unmapped char: 'r'"
307.211,308.076,ñàà,ñàà,,,,
308.081,309.181,ntàà kúu-ñà,nt̪àà kúu ñà,The true is,lo cierto es que,,"t->t̪ (tentative, verify)"
309.187,311.516,meê ra xíkò ntǔxì,mɛɛ̂ ra ʃíkò nt̪ǔʃì,I sell honey,yo vendo miel,,"t->t̪ (tentative, verify); unmapped char: 'm'; unmapped char: 'r'"
311.595,313.512,ntǔxì ñàà,nt̪ǔʃì ñàà,honey,miel,,"t->t̪ (tentative, verify)"
313.752,315.577,ntǔxì tsi ità,nt̪ǔʃì tsi it̪à,honeycomb,miel con panal,,"t->t̪ (tentative, verify)"
315.577,317.642,kuě tsà'ǎ ñà-ka kǒo kue ñàà,kwɛ̌ tsàʔǎ ñà ka kǒo kwɛ ñàà,no...I don't have,no...porque no tengo,,unmapped char: 'w'
317.657,320.805,kue kàa kú'mî tavà tavâ mímeé ità ra ñàà,kwɛ kàa kúʔmî t̪avà t̪avâ mímɛɛ́ it̪à ra ñàà,machines to separate the honeycomb,maquinas para sacar el puro panal y,,"t->t̪ (tentative, verify); unmapped char: 'm'; unmapped char: 'r'; unmapped char: 'w'"
320.805,322.169,sá'a soò kúu-ñà,sáʔa soò kúu ñà,what I do is,lo que hago es,,
322.378,323.748,tá yòǒ ñàà,t̪á yòǒ ñàà,in the month of,en el mes de,,"t->t̪ (tentative, verify); unmapped char: 'y'"
323.766,326.477,tá yòǒ kúmǎní-kà kítsáá ntǔxì ra,t̪á yòǒ kúmǎní kà kítsáá nt̪ǔʃì ra,before the month that honey starts,antes del mes que empiece la miel,kumani - faltar,"t->t̪ (tentative, verify); unmapped char: 'm'; unmapped char: 'r'; unmapped char: 'y'"
326.488,327.029,távâ,t̪ávâ,I take,saco,,"t->t̪ (tentative, verify)"
327.037,328.496,távâ ñàà ità luu-ka,t̪ávâ ñàà it̪à luu ka,I take the honeycomb,saco el panal,,"t->t̪ (tentative, verify); unmapped char: 'l'"
328.881,332.798,jara takuà ità luu-ka ra xíko síìn ità luu-ka ra ñàà,jara t̪akuà it̪à luu ka ra ʃíko síĩ̀ it̪à luu ka ra ñàà,"then the honeycomb, I sell the honeycomb separately","entonces el panalito, vendo el panalito por separado",xíko síìn = la primera person en síin!,"t->t̪ (tentative, verify); unmapped char: 'j'; unmapped char: 'l'; unmapped char: 'r'"
332.811,335.493,rì ità luu-ka ra kuà'ǎ nchuà'a nùǔ kuè'è và'î,rì it̪à luu ka ra kuàʔǎ ntʃuàʔa nùǔ kuɛ̀ʔɛ̀ vàʔî,because honeycomb is good for many illnesses,porque el panalito es bueno para muchas enfermedades,,"t->t̪ (tentative, verify); unmapped char: 'l'; unmapped char: 'r'"
335.652,337.176,và'î ñàà,vàʔî ñàà,it is good,es bueno,,
337.187,338.14,kue nà,kwɛ nà,to those whose,a los,,unmapped char: 'w'
338.152,340.687,ntúvìxì nìǐ á kue nà ñàà,nt̪úvìʃì nìǐ á kwɛ nà ñàà,blood sweetens or to those that,que se les endulza la sangre o a los que,ntúvìxì nìǐ - diabetes,"t->t̪ (tentative, verify); unmapped char: 'w'"
342.887,343.864,ñà kúu,ñà kúu,that is,que es,,
343.872,347.083,nchíì ké'en ké'en nùǔ ké'en nchuà'a nùǔ kuè'è và'î ra,ntʃíì kɛ́ʔɛ̃ kɛ́ʔɛ̃ nùǔ kɛ́ʔɛ̃ ntʃuàʔa nùǔ kuɛ̀ʔɛ̀ vàʔî ra,many are good for many illnesses,muchos para muchas enfermedades es bueno,ké'en  - muchos,unmapped char: 'r'
347.135,348.388,ñà kúu,ñà kúu,that is,que es,,
348.405,350.946,tsà'ǎ ñà-ka kúu-ñà ntǔ'vâ xíkò ñàà,tsàʔǎ ñà ka kúu ñà nt̪ǔʔvâ ʃíkò ñàà,and that is why I don't usually sell,y por eso es que no suelo vender,tù'va - positivo / ntǔ'va - negativo,"t->t̪ (tentative, verify)"
350.952,354.281,ntǔxì ntǔxì ntùvà'a á ntǔxì kêe ñàà,nt̪ǔʃì nt̪ǔʃì nt̪ùvàʔa á nt̪ǔʃì kɛ̂ɛ ñàà,fixed honey that gets added,miel arreglada que le agregan,ntùvà'a - arreglado,"t->t̪ (tentative, verify)"
354.664,355.641,asúkàr á nchíì-ka,asúkàr á ntʃíì ka,sugar or other things,azúcar u otra cosa,,unmapped char: 'r'
355.643,357.177,mímeé ntǔxì và'a,mímɛɛ́ nt̪ǔʃì vàʔa,pure good honey,pura miel buena,,"t->t̪ (tentative, verify); unmapped char: 'm'"
357.177,359.324,xíkò tavà ñàà,ʃíkò t̪avà ñàà,I sell so that,vendo para que,,"t->t̪ (tentative, verify)"
359.417,360.714,rì tsà'ǎ ñà-ka tsînì-yù ñàà,rì tsàʔǎ ñà ka tsînì yù ñàà,because I know,porque sé,,unmapped char: 'r'; unmapped char: 'y'
360.749,361.432,và'î ra,vàʔî ra,it is good,es buena,,unmapped char: 'r'
361.432,362.251,kuà'ǎ nchuà'a nivǐ ra,kuàʔǎ ntʃuàʔa nivǐ ra,a lot of people,mucha gente,,unmapped char: 'r'
362.251,364.684,ká'àn tuku-nà tsà'î á meé ñùñǔ luu-ka ra,káʔã̀ t̪uku nà tsàʔî á mɛɛ́ ñùñǔ luu ka ra,speak about it (honey) or the bees,habla de ello (la miel) o las abejitas,tsà'ǎ = acerca de / tsà'î = acerca de ello,"t->t̪ (tentative, verify); unmapped char: 'l'; unmapped char: 'm'; unmapped char: 'r'"
364.984,366.334,ñùñǔ luu-ka ra và'a nchuì'î,ñùñǔ luu ka ra vàʔa ntʃuìʔî,bees are very good for,las abejas son muy buenas para,nchuì'î - nchuà'î (Jeremías says the latter),unmapped char: 'l'; unmapped char: 'r'
366.34,368.477,tá kue nà kú'ù kòntò á,t̪á kwɛ nà kúʔù kònt̪ò á,for those with a bad knee,para los que les duele la rodilla,tá - para (en vez de nuu),"t->t̪ (tentative, verify); unmapped char: 'w'"
368.624,369.343,ñàà,ñàà,,,,
369.418,371.481,tsîso á tâ'vǐ tsà'ǎ-nà ra,tsîso á t̪âʔvǐ tsàʔǎ nà ra,cramps or pain in their leg,dar un calambre o dolor de pierna,(rodilla para abajo - tsà'ǎ),"t->t̪ (tentative, verify); unmapped char: 'r'"
371.584,372.402,và'a nchuà'a iñǔ,vàʔa ntʃuàʔa iñǔ,the sting is very good,el aguijón es muy bueno,iñu - aguijón,
372.407,373.179,ñùñǔ luu-ka,ñùñǔ luu ka,of the bee,de la abejita,,unmapped char: 'l'
373.185,374.251,tá ntsà'àn-yù Ñuù ra,t̪á ntsàʔã̀ yù ñuù ra,when I went to Mixtepec,cuando fui a Mixtepec,ñuù - Mixtepec,"t->t̪ (tentative, verify); unmapped char: 'r'; unmapped char: 'y'"
374.257,375.416,kuà'ǎ nchuà'a kue nà,kuàʔǎ ntʃuàʔa kwɛ nà,a lot of people,mucha gente,,unmapped char: 'w'
375.52,376.972,tsíkanuu nùǔ yà'vi-ka ra,tsíkanuu nùǔ yàʔvi ka ra,that was strolling in the square,que andaba por la plaza,nǔyà'vi - plaza,unmapped char: 'r'; unmapped char: 'y'
377.077,380.358,ntsìkà kánkúun-nà ñùñǔ luu tavà nchìntu'ú-nà tsà'ǎ-nà tavà,ntsìkà kánkúũ nà ñùñǔ luu t̪avà ntʃìnt̪uʔú nà tsàʔǎ nà t̪avà,asked on purpose for the bees to put them on their feet so that,pidieron a propósito las abejitas para ponerlas/colocarlas en sus pies para que,para que les pique,"t->t̪ (tentative, verify); unmapped char: 'l'"
381.255,382.451,ntuvà'a nta'á-nà,nt̪uvàʔa nt̪aʔá nà,to heal their hands,para curarse las manos,,"t->t̪ (tentative, verify)"
382.463,384.27,ntuvà'a nta'á-nà á ntuvà'a tsà'ǎ-nà ra,nt̪uvàʔa nt̪aʔá nà á nt̪uvàʔa tsàʔǎ nà ra,to heal their hands or heal their feet,para curarse las manos o los pies,,"t->t̪ (tentative, verify); unmapped char: 'r'"
384.488,386.254,chuun-ka kúu-ñà và'a ñàà,tʃuũ ka kúu ñà vàʔa ñàà,that's what they're good for,para eso es que sirve,,
386.262,387.288,ñùñǔ luu-ka,ñùñǔ luu ka,the bees,las abejitas,,unmapped char: 'l'
389.288,391.274,ñà ntàà ra ñàà,ñà nt̪àà ra ñàà,the truth is that,la verdad es que,,"t->t̪ (tentative, verify); unmapped char: 'r'"
391.662,393.062,ñùñǔ luu-ka ra,ñùñǔ luu ka ra,the bees,las abejitas,,unmapped char: 'l'; unmapped char: 'r'
393.147,394.866,kuà'ǎ nchuà'a chincheé-tí tatù,kuàʔǎ ntʃuàʔa tʃintʃɛɛ́ t̪í t̪at̪ù,they help a lot if,ayudan mucho si,,"t->t̪ (tentative, verify)"
395.088,396.944,ñàà tatù ná sá'a-kó ñàà,ñàà t̪at̪ù ná sáʔa kó ñàà,if we do,si hacemos,,"t->t̪ (tentative, verify)"
397.099,398.09,kaa-kà kò'ǒn,kaa kà kòʔõ̌,go higher,subir más,= tener más,
398.09,399.979,kuà'ǎ-kà kájà kúu ku'mǎ kuà'ǎ-kà ra,kuàʔǎ kà kájà kúu kuʔmǎ kuàʔǎ kà ra,"more boxes, to be able to have more boxes","más cajas, poder tener más cajas",kuni - kuna / ku'mi - ku'ma =kó ?,unmapped char: 'j'; unmapped char: 'm'; unmapped char: 'r'
400.143,403.891,kuà'ǎ nchuà'a kúu kaa kò'ǒn tsi-tí rì kitǐ-ka ra yéè xǔ'un luu-tí yéè,kuàʔǎ ntʃuàʔa kúu kaa kòʔõ̌ tsi t̪í rì kit̪ǐ ka ra yɛ́ɛ̀ ʃǔʔũ luu t̪í yɛ́ɛ̀,one can get rich with the bee because it has money it has,se puede subir/enriquecer con la abejita porque tiene dinero tiene,yéè xu'un - dar dinero // kaa (mM),"t->t̪ (tentative, verify); unmapped char: 'l'; unmapped char: 'r'; unmapped char: 'y'"
404.829,408.188,kuě tsíní ñú'u kuà'ǎ xèě ñàà xǔ'un chí'ó tìtsi-tí ra,kwɛ̌ tsíní ñúʔu kuàʔǎ ʃɛ̀ɛ̌ ñàà ʃǔʔũ tʃíʔó t̪ìtsi t̪í ra,it is not necessary to invert a lot on them so,no hace falta meterle mucho dinero (a las abejas) y,,"t->t̪ (tentative, verify); unmapped char: 'r'; unmapped char: 'w'"
408.507,410.014,n... kuà'ǎ nchuà'a chincheé-tí yóó ra,n... kuàʔǎ ntʃuàʔa tʃintʃɛɛ́ t̪í yóó ra,they help us a lot (bees),nos ayudan mucho (las abejas),yóó = independent pronoun for the first person plural inclusive (only object?),"t->t̪ (tentative, verify); unmapped char: 'r'; unmapped char: 'y'"
410.725,413.51,kúu tsìnù-kǒ kúu kòo iin nivǐ iin nà,kúu tsìnù kǒ kúu kòo iĩ nivǐ iĩ nà,you can become a person,puedes llegar a ser una persona,,
414.084,416.047,iin nà kuíka iin nà,iĩ nà kuíka iĩ nà,a rich person a person,una persona rica una persona,,
416.24,417.148,te takuà,t̪ɛ t̪akuà,so that,para que,te = cha ?,"t->t̪ (tentative, verify)"
417.251,419.051,kúu kòo ñà-ka ra tsíní ñú'u,kúu kòo ñà ka ra tsíní ñúʔu,you can be that (person) you need,puedas ser eso (esa persona) necesitas,,unmapped char: 'r'
419.075,419.715,kua...,kwa...,,,,unmapped char: 'w'
419.974,421.245,kuà'a-kó tiémpù-kǒ,kuàʔa kó t̪iɛ́mpù kǒ,to give your time,dar tu tiempo,impersonal = 1person plural inclusive,"t->t̪ (tentative, verify); unmapped char: 'm'; unmapped char: 'p'"
421.251,422.795,sáchóón tsi-tí ra takuà,sátʃóṍ tsi t̪í ra t̪akuà,to work with them (bees) so that,para trabajar con ellas (abejas) para que,,"t->t̪ (tentative, verify); unmapped char: 'r'"
422.795,423.943,tsìnù-kǒ iin,tsìnù kǒ iĩ,you become a,llegues a ser un,,
424.019,424.689,iin,iĩ,a,un,,
424.7,425.637,kaa-kó kò'ǒn,kaa kó kòʔõ̌,to reach higher,para llegar más arriba,= en la vida en general,
427.57,428.944,ñàà atù,ñàà at̪ù,if,si,,"t->t̪ (tentative, verify)"
432.199,434.769,chíí nùǔ-kà ra atù Sto'ò Nchúxì ná chincheé ra,tʃíí nùǔ kà ra at̪ù st̪oʔò ntʃúʃì ná tʃintʃɛɛ́ ra,further along if God helps you,más adelante si Dios te ayuda,Sto'ò Nchúxì - Dios,"t->t̪ (tentative, verify); unmapped char: 'r'"
434.999,437.303,kúu kaa-kà-yù kù'ùn-yù ra ratù nchíì,kúu kaa kà yù kùʔũ̀ yù ra rat̪ù ntʃíì,I can go higher up if,puedo subir más si es que,kaa-kà-yù = subir más / hacerse más rico,"t->t̪ (tentative, verify); unmapped char: 'r'; unmapped char: 'y'"
437.306,438.399,iin nchíì kue nà,iĩ ntʃíì kwɛ nà,somebody that,alguien que,,unmapped char: 'w'
438.405,439.994,kútoò kutù'va,kút̪oò kut̪ùʔva,likes to learn,le gusta aprender,,"t->t̪ (tentative, verify)"
439.999,441.128,kùnì,kùnì,that wants,que quiere,,
441.136,442.088,kutù'va ra,kut̪ùʔva ra,to learn,aprender,,"t->t̪ (tentative, verify); unmapped char: 'r'"
442.092,445.629,kúu kitsi-kue-ní ra ná chincheé tá'ǎn ná sná'a nùǔ tsi tá'ǎn takuà,kúu kitsi kwɛ ní ra ná tʃintʃɛɛ́ t̪áʔã̌ ná snáʔa nùǔ tsi t̪áʔã̌ t̪akuà,you can come and together we can help each other and teach each other,pueden venir y juntos nos ayudemos y aprendamos los unos de los otros para que,sná'a = enseñar // sna'a nuu tsi ta'an = enseñarnos los unos a los otros / aprender de,"t->t̪ (tentative, verify); unmapped char: 'r'; unmapped char: 'w'"
445.848,447.151,kúu kaa kò'ǒn,kúu kaa kòʔõ̌,we can go higher,podemos subir,,
449.38,450.224,ñàà,ñàà,,,,
450.24,451.186,ratù ñàà,rat̪ù ñàà,if,si,a veces suena como 'atù',"t->t̪ (tentative, verify); unmapped char: 'r'"
451.186,452.742,ná ñà kúu,ná ñà kúu,,,ná - irr / kúu - cop,
453.24,455.166,kuítâ-yù sáchúùn tsi-tí ra,kuít̪â yù sátʃúũ̀ tsi t̪í ra,I get tired from working with them (bees),me canso de trabajar con ellas (abejas),,"t->t̪ (tentative, verify); unmapped char: 'r'; unmapped char: 'y'"
455.721,458.277,ñà tá'àn-kà inì-yù sáchúùn michú'ni kúu ñàà,ñà t̪áʔã̀ kà inì yù sátʃúũ̀ mitʃúʔni kúu ñàà,what I like the most about working right now is,lo que más me agrada de trabajar ahora mismo es,,"t->t̪ (tentative, verify); unmapped char: 'm'; unmapped char: 'y'"
458.925,460.295,ñàà,ñàà,,,,
460.619,461.53,kámpù,kámpù,field,campo,,unmapped char: 'm'; unmapped char: 'p'
461.601,462.653,ñà sáchúùn,ñà sátʃúũ̀,what I work,lo que trabajo,,
463.073,466.507,kakì-yù tìnanǎ ñà-ka kúu-ñà tá'àn inì-yù teèn ñùñǔ-ka ra mikǐ,kakì yù t̪ìnanǎ ñà ka kúu ñà t̪áʔã̀ inì yù t̪ɛɛ̃̀ ñùñǔ ka ra mikǐ,to sow tomatoes is what I like but the bees never,para sembrar tomates es lo que me gusta pero las abejas nunca,,"t->t̪ (tentative, verify); unmapped char: 'm'; unmapped char: 'r'; unmapped char: 'y'"
466.692,468.095,kúu nàâ inì-yù tsi-tí,kúu nàâ inì yù tsi t̪í,I get tired of them,me aburro de ellas,miki nunca is already negative,"t->t̪ (tentative, verify); unmapped char: 'y'"
469.444,471.547,ñàà michú'ni ra ñùñǔ luu ra kán-,ñàà mitʃúʔni ra ñùñǔ luu ra kã́,now the bees are,ahora mismo las abejas están,,unmapped char: 'l'; unmapped char: 'm'; unmapped char: 'r'
471.547,473.977,kántú'ú-tí nùǔ ñu'ú má-yù kántú'ú-tí ra,kánt̪úʔú t̪í nùǔ ñuʔú má yù kánt̪úʔú t̪í ra,located in the mother's land they are,localizadas en las tierras de mi madre están,,"t->t̪ (tentative, verify); unmapped char: 'm'; unmapped char: 'r'; unmapped char: 'y'"
474.321,475.214,ñàà,ñàà,,,,
476.01,476.651,cha,tʃa,,,,
476.662,479.425,ñùñǔ luu-ka ra tsíní ñú'u kúku'mí-kó-tí iin ñàà,ñùñǔ luu ka ra tsíní ñúʔu kúkuʔmí kó t̪í iĩ ñàà,the bees we have to have them in a,la abejita la tenemos que tener en un,,"t->t̪ (tentative, verify); unmapped char: 'l'; unmapped char: 'm'; unmapped char: 'r'"
479.947,481.276,tsàà tsíka luu nùǔ ínkáà,tsàà tsíka luu nùǔ ínkáà,a bit far where there is,un poco lejos donde hay,,unmapped char: 'l'
481.288,483.784,ichǐ á nùǔ íin ve'e-nà á,itʃǐ á nùǔ íĩ vɛʔɛ nà á,a path or where there are houses of people,un camino o donde hay casas de gente,,
483.891,484.695,ñàà,ñàà,,,,
485.28,488.64,ra tsàà tsíka luu tsíní ñú'u kuíin-tí ra tsà'ǎ ñà-ka kúu-ñà nchàà yukǔ kú'mî-tǐ,ra tsàà tsíka luu tsíní ñúʔu kuíĩ t̪í ra tsàʔǎ ñà ka kúu ñà ntʃàà yukǔ kúʔmî t̪ǐ,they have to be a bit far so that's why I have them up to the mountains,tienen (abejas) que estar un poco lejos por eso los tengo hasta las montañas,,"t->t̪ (tentative, verify); unmapped char: 'l'; unmapped char: 'm'; unmapped char: 'r'; unmapped char: 'y'"
488.64,491.373,michú'ni ntóyo ùvì-tǐ yachi nùǔ yéè-yù teèn,mitʃúʔni nt̪óyo ùvì t̪ǐ yatʃi nùǔ yɛ́ɛ̀ yù t̪ɛɛ̃̀,right now ther are some close to where I live but,ahora mismo hay dos (algunos) cerca de donde vivo pero,ùvì-ti = un par de (abejas),"t->t̪ (tentative, verify); unmapped char: 'm'; unmapped char: 'y'"
491.743,493.703,tsàà yachi kú skǎntà-yù-tǐ kù'ùn-tǐ rì,tsàà yatʃi kú skǎnt̪à yù t̪ǐ kùʔũ̀ t̪ǐ rì,I am about to move them because,ya casi los vou a mover porque,,"t->t̪ (tentative, verify); unmapped char: 'r'; unmapped char: 'y'"
493.703,494.936,ñàà,ñàà,,,,
495.433,498.347,tsíní ñú'u kántú'ú-tí nùǔ nùǔ tsíka luu nùǔ yéè-nà,tsíní ñúʔu kánt̪úʔú t̪í nùǔ nùǔ tsíka luu nùǔ yɛ́ɛ̀ nà,they need to be far away from where people live,necesitan estar lejos de donde vive la gente,,"t->t̪ (tentative, verify); unmapped char: 'l'; unmapped char: 'y'"
498.355,499.481,tsi ichǐ,tsi itʃǐ,and from the paths,y de los caminos,,
501.084,503.899,ñàà ñùñǔ luu-ka ra ñà tá'àn inì-à kúu ñàà,ñàà ñùñǔ luu ka ra ñà t̪áʔã̀ inì à kúu ñàà,what bees like is,a las abejitas lo que les gusta es,,"t->t̪ (tentative, verify); unmapped char: 'l'; unmapped char: 'r'"
504.94,505.533,nt-,nt̪,,,,"t->t̪ (tentative, verify)"
505.7,506.059,ntuv-,nt̪uv,,,,"t->t̪ (tentative, verify)"
506.059,507.059,ntuvà,nt̪uvà,edible herbs,hierbas comestibles,,"t->t̪ (tentative, verify)"
507.1,508.824,ntuvà kúu-ñà tá'àn nchuà'a inì-tǐ,nt̪uvà kúu ñà t̪áʔã̀ ntʃuàʔa inì t̪ǐ,they like edible herbs a lot,les gustan mucho las herbas comestibles,,"t->t̪ (tentative, verify)"
508.828,512.056,tsi ñàà mastántsià-ka tsi ñà kúu,tsi ñàà mast̪ántsià ka tsi ñà kúu,and mustard and others,y la mostaza y otras,,"t->t̪ (tentative, verify); unmapped char: 'm'"
512.8,514.56,ñàà tùtǎvì-ka,ñàà t̪ùt̪ǎvì ka,,,tipo de planta: chequear qué planta es!,"t->t̪ (tentative, verify)"
514.56,517.236,yòǒ michú'ni ra tiémpù michú'ni ra ñà-ka kúu-ñà,yòǒ mitʃúʔni ra t̪iɛ́mpù mitʃúʔni ra ñà ka kúu ñà,"right this month, right this moment, this is what",este mismo mes este mismo tiempo eso es lo que,,"t->t̪ (tentative, verify); unmapped char: 'm'; unmapped char: 'p'; unmapped char: 'r'; unmapped char: 'y'"
517.244,519.792,sa-... ñà-ka kúu-ñà tsátsí-tí michú'ni tiémpù michú'ni,sa ... ñà ka kúu ñà tsátsí t̪í mitʃúʔni t̪iɛ́mpù mitʃúʔni,this is what the eat right now right this season,es es lo que comen ahorita en esta temporada ahora,,"t->t̪ (tentative, verify); unmapped char: 'm'; unmapped char: 'p'"
519.936,520.72,cha,tʃa,and,y,,
520.736,523.764,tiémpù ñà yéè ità ra tsàà yachi meé soo ità kuàân luu,t̪iɛ́mpù ñà yɛ́ɛ̀ it̪à ra tsàà yatʃi mɛɛ́ soo it̪à kuàã̂ luu,in the flower season most are yellow flowers,la temporada de flores la mayoría son flores amarillas,,"t->t̪ (tentative, verify); unmapped char: 'l'; unmapped char: 'm'; unmapped char: 'p'; unmapped char: 'r'; unmapped char: 'y'"
524.056,525.62,tsàà meé soo ñà-ka kúu-ñà,tsàà mɛɛ́ soo ñà ka kúu ñà,those are the ones that,pura de esas es las que,,unmapped char: 'm'
525.62,527.08,tá'àn inì-tǐ ñàà,t̪áʔã̀ inì t̪ǐ ñàà,they like,les gustan,,"t->t̪ (tentative, verify)"
527.368,527.924,cha,tʃa,and,y,,
527.996,529.908,michú'ni ra tsàà yachi meé soo ñàà,mitʃúʔni ra tsàà yatʃi mɛɛ́ soo ñàà,right now only,ahora mismo casi puro,,unmapped char: 'm'; unmapped char: 'r'; unmapped char: 'y'
529.914,532.658,yutǔ ná'nu kúu-ñà nána-tí,yut̪ǔ náʔnu kúu ñà nána t̪í,they go to the big trees,van a los árboles grandes,,"t->t̪ (tentative, verify); unmapped char: 'y'"
533.764,534.584,ñàà,ñàà,,,,
534.616,538.24,tsà'ǎ ñà-ka ñùñǔ luu-ka ra kuě kúu kantú'ú yachi-tí tsà'ǎ ñàà,tsàʔǎ ñà ka ñùñǔ luu ka ra kwɛ̌ kúu kant̪úʔú yatʃi t̪í tsàʔǎ ñàà,because bees cannot be close to,porque las abejitas no pueden estar cerca de,kántú'ú yachi - estar cerca,"t->t̪ (tentative, verify); unmapped char: 'l'; unmapped char: 'r'; unmapped char: 'w'; unmapped char: 'y'"
538.244,539.856,tsà'ǎ kue kitǐ luu,tsàʔǎ kwɛ kit̪ǐ luu,the animals,por los animales,,"t->t̪ (tentative, verify); unmapped char: 'l'; unmapped char: 'w'"
539.864,541.204,tsà'ǎ kue nivǐ,tsàʔǎ kwɛ nivǐ,the people,por la gente,,unmapped char: 'w'
542.156,543.288,tsà'ǎ ñà-ka kúu-ñà,tsàʔǎ ñà ka kúu ñà,that's why,por eso es que,,
543.292,545.94,kuě kúu kantú'ú yachi-tí tsíní ñú'u soo ñàà,kwɛ̌ kúu kant̪úʔú yatʃi t̪í tsíní ñúʔu soo ñàà,they can't be close they only have to,no pueden estar cerca solo tienen que,,"t->t̪ (tentative, verify); unmapped char: 'w'; unmapped char: 'y'"
545.94,547.16,kantú'ú tsíka-tí,kant̪úʔú tsíka t̪í,be far,estar lejos,,"t->t̪ (tentative, verify)"
547.212,549.988,cha iinkàâ tuku kuàâ kúu-ñà tsíní ñú'u soo koo chìkuiî-tǐ,tʃa iinkàâ t̪uku kuàâ kúu ñà tsíní ñúʔu soo koo tʃìkwiî t̪ǐ,and another thing is that they need that there is water,y otra cosa es que necesitan que haya agua,,"t->t̪ (tentative, verify); unmapped char: 'w'"
550.004,552.788,tsíní ñú'u soo koo-tí iin nùǔ yéè chìkuiî,tsíní ñúʔu soo koo t̪í iĩ nùǔ yɛ́ɛ̀ tʃìkwiî,it is very important that they live in a place with water,es muy importante que vivan donde hay agua,,"t->t̪ (tentative, verify); unmapped char: 'w'; unmapped char: 'y'"
553.092,554.884,tsí- ñàà,tsí ñàà,,,,
555.648,556.972,tsíní ñú'u soo,tsíní ñúʔu soo,it is important,es importante,,
556.984,557.664,ñàà,ñàà,,,,
557.67,559.822,koo koo iin nùǔ súkù,koo koo iĩ nùǔ súkù,to have a high place,tener un sitio alto,,
559.956,561.136,koo iin nùǔ súkù luu,koo iĩ nùǔ súkù luu,to have a little high place,tener un sitio altito,,unmapped char: 'l'
561.14,561.78,kúu ntoyo-tí,kúu nt̪oyo t̪í,for them to be at,para que estén,,"t->t̪ (tentative, verify); unmapped char: 'y'"
561.792,563.088,cha tsíní ñú'u soo kani và'a,tʃa tsíní ñúʔu soo kani vàʔa,and it is important that it hits well,y es importante que pegue bien,hit = the sun,
563.092,565.972,nìkànchiǐ nùǔ ntóyo-tí tavà kuà'a-tí ntǔxì tatù,nìkàntʃiǐ nùǔ nt̪óyo t̪í t̪avà kuàʔa t̪í nt̪ǔʃì t̪at̪ù,the sun where they are so that they give honey if,el sol en donde están para que den miel si,,"t->t̪ (tentative, verify); unmapped char: 'y'"
566.14,567.752,ná kúu ntoyo-tí katǐ ra,ná kúu nt̪oyo t̪í kat̪ǐ ra,if they are in the shade,si están en la sombra,,"t->t̪ (tentative, verify); unmapped char: 'r'; unmapped char: 'y'"
567.764,568.656,ñàà,ñàà,,,,
569.764,572.136,kúu kú'ntú-tí ra tsàà yachi vǎsa tsá'a-tí ntǔxì,kúu kúʔnt̪ú t̪í ra tsàà yatʃi vǎsa tsáʔa t̪í nt̪ǔʃì,they become lazy and they don't give honey,se hacen flojas y ya no dan miel,,"t->t̪ (tentative, verify); unmapped char: 'r'; unmapped char: 'y'"
573.86,575.752,(a ver un consejo....),(a vɛr ũ consɛjo....),,,check!,unmapped char: 'c'; unmapped char: 'j'; unmapped char: 'r'
577.912,578.784,ñàà,ñàà,,,,
583.808,585.02,ñàà kúu,ñàà kúu,what is,lo que es,,
585.824,587.364,ñà kúkúu ñàà,ñà kúkúu ñàà,,,,
587.576,591.452,yéè kúu-ñà tsíní ñú'u kúntoyo tsíka-tí rì ñàà,yɛ́ɛ̀ kúu ñà tsíní ñúʔu kúnt̪oyo tsíka t̪í rì ñàà,what it is is that it has to be far because,lo que hay es que tiene que estar lejos porque,,"t->t̪ (tentative, verify); unmapped char: 'r'; unmapped char: 'y'"
592.1,593.54,tsà'ǎ ñà-ka túu-ñá-tí,tsàʔǎ ñà ka t̪úu ñá t̪í,because they sting us,porque nos pican,ñá?,"t->t̪ (tentative, verify)"
593.57,594.966,cha tsà'ǎ ñà-ka kúu-ñà,tʃa tsàʔǎ ñà ka kúu ñà,and that is why,y por eso es que,,
595.22,597.868,nkǔu kuntoyo yachi-tí ra tatù nchíì-kue-ní,nkǔu kunt̪oyo yatʃi t̪í ra t̪at̪ù ntʃíì kwɛ ní,they can't be near but if some of you,no pueden estar cerca si alguno de ustedes,,"t->t̪ (tentative, verify); unmapped char: 'r'; unmapped char: 'w'; unmapped char: 'y'"
597.868,600.3,kúnì kúu ku'mí-tí ra tsíní ñú'u soo,kúnì kúu kuʔmí t̪í ra tsíní ñúʔu soo,wants to have them only has to,quiere tenerlos solo tiene que,,"t->t̪ (tentative, verify); unmapped char: 'm'; unmapped char: 'r'"
600.404,602.248,koo iin ñà kúu ntasì nùǔ-kue-ní,koo iĩ ñà kúu nt̪asì nùǔ kwɛ ní,have something to cover your face,tener algo para taparse la cara,,"t->t̪ (tentative, verify); unmapped char: 'w'"
602.248,605.324,koo iin ñà kúu ntasì nta'á-kue-ní tavà mà kǔu tuu-tí rì,koo iĩ ñà kúu nt̪asì nt̪aʔá kwɛ ní t̪avà mà kǔu t̪uu t̪í rì,have something to cover your arms so they cannot sting you,algo para taparse los brazos para que no les puedan picar,,"t->t̪ (tentative, verify); unmapped char: 'm'; unmapped char: 'r'; unmapped char: 'w'"
605.798,606.298,mmm,mmm,,,,unmapped char: 'm'
606.364,608.801,yée-nùǔ ra ntúnche'e-tí tatù ná mà kǔtù'va-kó,yɛ́ɛ nùǔ ra nt̪úntʃɛʔɛ t̪í t̪at̪ù ná mà kǔt̪ùʔva kó,sometimes they get angry if you don't know,hay veces que se enojan si no sabes,it would be possible to say ná mà kǔtù'vǎ instead  // tú impersonal en mixteco es con =kó,"t->t̪ (tentative, verify); unmapped char: 'm'; unmapped char: 'r'; unmapped char: 'y'"
608.817,610.512,ke'e-kó-tí ra ntúnche'e-tí ra kúu,kɛʔɛ kó t̪í ra nt̪úntʃɛʔɛ t̪í ra kúu,how to handle them (=bees) they get angry and they can,como tocarlas (=abejas) se enojan y pueden,,"t->t̪ (tentative, verify); unmapped char: 'r'"
610.53,612.089,kúu tuu... tuu-tí ra,kúu t̪uu... t̪uu t̪í ra,they can sting,pueden picar,,"t->t̪ (tentative, verify); unmapped char: 'r'"
612.357,613.366,ka'ní-tí yóó,kaʔní t̪í yóó,kill us,matarnos,yóó - independent first person plural inclusive pronoun,"t->t̪ (tentative, verify); unmapped char: 'y'"
613.763,614.277,mmm,mmm,,,,unmapped char: 'm'
618.34,620.781,Guillermo Martínez López,Guillɛrmo Mart̪ínɛz Lópɛz,Guillermo Martínez López,,,"t->t̪ (tentative, verify); unmapped char: 'G'; unmapped char: 'L'; unmapped char: 'M'; unmapped char: 'l'; unmapped char: 'm'; unmapped char: 'p'; unmapped char: 'r'; unmapped char: 'z'"
627.246,628.056,mm,mm,,,asintiendo,unmapped char: 'm'
679.84,680.308,mm,mm,,,asintiendo,unmapped char: 'm'
700.376,701.035,sí,sí,yes,,,
710.385,711.094,mm,mm,,,asintiendo,unmapped char: 'm'
724.635,725.399,mm,mm,,,asintiendo,unmapped char: 'm'
725.751,726.292,sí,sí,yes,,,
736.467,737.408,mm sí,mm sí,mmm yes,,,unmapped char: 'm'
747.28,747.885,aha,aha,,,asintiendo,unmapped char: 'h'
755.822,756.476,mm,mm,,,asintiendo,unmapped char: 'm'
776.567,778.617,este m....,ɛst̪ɛ m....,this...,,,"t->t̪ (tentative, verify); unmapped char: 'm'"
784.408,786.317,"sí, que salga mi nombre","sí, quɛ salga mi nombrɛ","yes, I want my name to appear",,,unmapped char: 'b'; unmapped char: 'g'; unmapped char: 'l'; unmapped char: 'm'; unmapped char: 'q'; unmapped char: 'r'
788.689,789.203,mmm,mmm,,,asintiendo,unmapped char: 'm'
812.776,813.453,mm,mm,,,asintiendo,unmapped char: 'm'
